"STOCK_CODE";"COMPANY";"SECTOR";"SECOND_SECTOR";"STOCK_PRICE";"STOCK_TYPE";"VALUATION";"STOCK_AVAILABLE_AMOUNT";"AVG_21_NEGOCIATION";"DIVIDEND_PERIOD";"DIVIDEND_LAST_PRICE";"DIVIDEND_TOTAL_VALUE_SHARED";"NET_PROFIT";"DIVIDEND_YELD";"AVG_PAYOUT_12_MONTHS";"AVG_PAYOUT_5_YEARS";"MAJOR_SHARE_HOLDER"
"AALR3";"ALLIAR - CENTRO DE IMAGEM DIAGNOSTICOS S.A.";"";"";0.0;"";0.0;0.0;0.0;0.0;0.0;0.0;0.0;0.0;0.0;0.0;""
"ABCB3";"ABC Brasil - BANCO ABC BRASIL S/A";"Financeiros";"Bancos";0.0;"ON";0.0;2111330000.0;0.0;0.0;0.0;0.0;4469180000.0;0.0;0.0;0.0;""
"ABRE3";"SOMOS EDUCA - SOMOS EDUCAÇÃO S.A.";"";"";0.0;"";0.0;0.0;0.0;0.0;0.0;0.0;0.0;0.0;0.0;0.0;""
"ABYA3";"ABYARA - ABYARA PLANEJAMENTO IMOBILIARIO S.A.";"Construção e Engenharia";"Construção Civil";491.0;"ON";5150880000.0;1049060000.0;0.0;0.0;0.0;0.0;-23980000.0;0.0;0.0;0.0;""
"ACES3";"ARCELORMITTAL INOX BRASIL - ARCELORMITTAL INOX BRASIL S.A.";"Siderurgia e Metalurgia";"Siderurgia";9527.0;"ON";70804700000.0;743200000.0;0.0;0.0;0.0;0.0;8059220000.0;0.0;0.0;0.0;""
"ADHM3";"VITALYZE.ME - VITALYZE.ME SAUDE E TECNOLOGIA S.A.";"Prods. de Uso Pessoal e de Limpeza";"Produtos de Uso Pessoal";14.0;"PN";105882000.0;75630000.0;122290.0;0.0;0.0;0.0;-51963400.0;0.0;0.0;0.0;""
"AEDU3";"ANHANGUERA EDUCACIONAL PARTICIPAÇÕES SA - ANHANGUERA EDUCACIONAL PARTICIPAÇÕES S.A";"Diversos";"Educacional";1835.0;"ON";80202500000.0;4370710000.0;0.0;0.0;0.0;0.0;1351590000.0;0.0;0.0;0.0;""
"AELP3";"AES ELPA - AES ELPA SA";"Energia Elétrica";"Energia Elétrica";193.0;"ON";1813180000.0;939470000.0;0.0;0.0;1273.0;0.0;213690000.0;0.0;0.0;0.0;""
"AESL3";"AES SUL DISTRIB. GAÚCHA DE ENERGIA S.A. - AES SUL DISTRIB. GAÚCHA DE ENERGIA S.A.";"Energia Elétrica";"Energia Elétrica";100819.0;"ON";53158400000.0;5272660.0;0.0;0.0;0.0;0.0;1591600000.0;0.0;0.0;0.0;""
"AFLU3";"AFLUENTE - AFLUENTE GER.E TRANSM.ENERG.ELETR. S.A.";"Energia Elétrica";"Energia Elétrica";515.0;"ON";969127000.0;188180000.0;0.0;0.0;2865.0;0.0;105940000.0;0.0;0.0;0.0;""
"AGEI3";"AGRE EMP IMOB - AGRE EMPREENDIMENTOS IMOBILIÁRIOS S.A.";"Construção e Engenharia";"Construção Civil";78.0;"ON";23400000000.0;3000000000.0;0.0;0.0;0.0;0.0;0.0;0.0;0.0;0.0;""
"AGEN33";"Agrenco - AGRENCO LTD. ";"Comércio e Distribuição";"Alimentos";16.0;"PN";246490000.0;1540560000.0;0.0;0.0;0.0;0.0;985140000.0;0.0;0.0;0.0;""
"AGIN3";"Agra Incorp - AGRA EMPREENDIMENTOS IMOBILIÁRIOS S/A";"Construção e Engenharia";"Construção Civil";529.0;"ON";12658800000.0;2392970000.0;0.0;0.0;0.0;0.0;1496710000.0;0.0;0.0;0.0;""
"AGRO3";"BRASILAGRO - BRASILAGRO - CIA BRAS DE PROP AGRICOLAS";"Exploração de Imóveis";"Exploração de Imóveis";1585.0;"ON";9016890000.0;568889000.0;8009140.0;0.0;7621.0;43281075120000.0;2428410000.0;48.0;17822.803859;0.0;"Autonomy Capital"
"AHEB3";"PARQUE ANHEMBI - SAO PAULO TURISMO S.A.";"Exploração de Imóveis";"Exploração de Imóveis";750.0;"ON";5641500000.0;75220000.0;17860.0;0.0;0.0;0.0;-134770000.0;0.0;0.0;0.0;"Prefeitura do Município de São Paulo"
"ALBA3";"DANA-ALBARUS S/A INDÚSTRIA E COMÉRCIO - DANA-ALBARUS S.A. INDÚSTRIA E COMÉRCIO";"";"";215.0;"ON";0.0;0.0;0.0;0.0;0.0;0.0;701620000.0;0.0;0.0;0.0;""
"ALLL3";"ALL - AMÉRICA LATINA LOGÍSTICA S/A - ALL AMERICA LATINA LOGISTICA SA";"Transporte";"Transporte Ferroviário";397.0;"ON";61892900000.0;15590200000.0;0.0;0.0;45.0;0.0;746890000.0;0.0;0.0;0.0;""
"ALSC3";"ALIANSCE - ALIANSCE SHOPPING CENTERS S.A.";"Exploração de Imóveis";"Exploração de Imóveis";1842.0;"ON";37344000000.0;2027360000.0;120506000.0;0.0;1166.0;22406382720000.0;910820000.0;6.0;24600.231352;0.0;"Government of Sinagapore Investment Corporation Pte Ltd ""GIC"""
"AMAR3";"LOJAS MARISA - MARISA LOJAS S.A.";"Comércio";"Tecidos, Vestuário e Calçados";527.0;"ON";10755300000.0;2040860000.0;62926800.0;0.0;654.0;0.0;-1314980000.0;0.0;0.0;0.0;"Rodrigo Terpins"
"AMBV3";"AMBEV - COMPANHIA DE BEBIDAS DAS AMÉRICAS-AMBEV";"Bebidas";"Cervejas e Refrigerantes";870.0;"ON";2725090000000.0;31322900000.0;0.0;0.0;0.0;0.0;102266000000.0;0.0;0.0;0.0;""
"AMIL3";"AMIL - AMIL PARTICIPAÇÕES S/A";"Saúde";"Serviços Médico - Hospitalares, Análises e Diagnósticos";322.0;"ON";118092000000.0;3667460000.0;0.0;0.0;0.0;0.0;-1611570000.0;0.0;0.0;0.0;""
"AMPI3";"AMPLA INVEST - AMPLA INVESTIMENTOS E SERVICOS S.A.";"Energia Elétrica";"Energia Elétrica";550.0;"ON";6600000000.0;120000000000.0;0.0;0.0;0.0;0.0;532000000.0;0.0;0.0;0.0;""
"ANIM3";"ANIMA - GAEC EDUCAÇÃO S.A.";"Diversos";"Educacional";1695.0;"ON";13315200000.0;785560000.0;53344400.0;0.0;2536.0;19972863000000.0;311200000.0;15.0;64180.151028;0.0;"Dynamo Administração de Recursos Ltda."
"AORE3";"VITALYZE.ME - VITALYZE.ME SAUDE E TECNOLOGIA S.A.";"";"";0.0;"";0.0;0.0;0.0;0.0;0.0;0.0;0.0;0.0;0.0;0.0;""
"ARCE3";"BELGO - COMPANHIA SIDERÚRGICA BELGO-MINEIRA";"";"";540.0;"ON";351536000000.0;6509930000.0;0.0;0.0;0.0;0.0;25084100000.0;0.0;0.0;0.0;""
"ARCZ3";"ARACRUZ CELULOSE SA - ARACRUZ CELULOSE S/A";"Madeira e Papel";"Papel e Celulose";366.0;"ON";37791500000.0;10325500000.0;0.0;0.0;0.0;0.0;-20111300000.0;0.0;0.0;0.0;""
"ARLA3";"ARTHUR LANGE - ARTHUR LANGE SA IND E COM";"Tecidos, Vestuário e Calçados";"Couro";247.0;"ON";110162000.0;44600000.0;0.0;0.0;0.0;0.0;-68100000.0;0.0;0.0;0.0;""
"ARPS3";"DOUAT CIA TEXTIL - DOUAT CIA TEXTIL";"";"";3.0;"ON";0.0;0.0;0.0;0.0;0.0;0.0;-25810000.0;0.0;0.0;0.0;""
"ARTE3";"KUALA S.A. - KUALA SA";"";"";77.0;"ON";12166000.0;1580000.0;0.0;0.0;0.0;0.0;-345440000.0;0.0;0.0;0.0;""
"ARTR3";"ARTERIS - ARTERIS S.A.";"Transporte";"Exploração de Rodovias";1001.0;"ON";57545400000.0;5748790000.0;0.0;0.0;966.0;0.0;-777430000.0;0.0;0.0;0.0;""
"ARZZ3";"AREZZO CO - AREZZO INDÚSTRIA E COMÉRCIO S.A.";"Comércio";"Tecidos, Vestuário e Calçados";5375.0;"ON";48537300000.0;903020000.0;173512000.0;0.0;277.0;9707465000000.0;1557460000.0;2.0;6232.882385;0.0;"Dynamo Administração de Recursos Ltda."
"ASSM3";"HOTEIS ELDORADO - COMPANHIA  ELDORADO DE HOTEIS";"";"";712.0;"ON";16874400.0;2370000.0;0.0;0.0;0.0;0.0;50440000.0;0.0;0.0;0.0;""
"ATOM3";"ATOMPAR - ATOM PARTICIPACOES S.A.";"Outros";"Outros";25.0;"ON";522475000.0;208990000.0;843920.0;0.0;0.0;0.0;81890000.0;0.0;0.0;0.0;""
"AUTM3";"AUTOMETAL - AUTOMETAL S.A.";"Material de Transporte";"Material Rodoviário";197.0;"ON";24776500000.0;1257690000.0;0.0;0.0;0.0;0.0;1238520000.0;0.0;0.0;0.0;""
"AVIL3";"ACOS VILLARES - AÇOS VILLARES SA";"Siderurgia e Metalurgia";"Siderurgia";93.0;"ON";45982100000.0;49443100000.0;0.0;0.0;0.0;0.0;3544810000.0;0.0;0.0;0.0;""
"AZEV3";"AZEVEDO & TRAVASSOS - AZEVEDO & TRAVASSOS SA";"Construção e Engenharia";"Construção Pesada";90.0;"ON";2430000000.0;270000000.0;184020.0;0.0;186.0;0.0;-848710000.0;0.0;0.0;0.0;"Bonsucex Holding S.A"
"BAHI3";"BAHEMA - BAHEMA SA";"Holdings Diversificadas";"Holdings Diversificadas";1340.0;"ON";1570440000.0;11719700.0;650330.0;0.0;6419.0;0.0;-16680000.0;0.0;0.0;0.0;"Carlos Eduardo Affonso Ferreira"
"BBAS3";"BANCO DO BRASIL S.A. - BANCO DO BRASIL S.A.";"";"";0.0;"";0.0;0.0;0.0;0.0;14.0;0.0;0.0;0.0;0.0;0.0;"AcoesTesouraria"
"BBDC3";"BANCO BRADESCO S.A. - BANCO BRADESCO SA";"Financeiros";"Bancos";33.26;"ON";223502000000.0;6719860000.0;88458600.0;0.0;0.1726;7152081395.2;17795800000.0;0.032;0.401897;0.0;"Fundação Bradesco"
"BBRK3";"BR Brokers - BRASIL BROKERS PARTICIPAÇÕES SA";"Construção e Engenharia";"Intermediação Imobiliária";596.0;"ON";2162190000.0;362783000.0;11606000.0;0.0;3728.0;0.0;-1068440000.0;0.0;0.0;0.0;"Invesco Ltd."
"BBSE3";"BBSEGURIDADE - BB SEGURIDADE PARTICIPAÇÕES S.A.";"";"";0.0;"";0.0;0.0;0.0;0.0;7809.0;0.0;0.0;0.0;0.0;0.0;"Banco do Brasil S.A."
"BBTG13";"BTG PACTUAL - BTG PACTUAL PARTICIPATIONS. LTD.";"Financeiros";"Gestão de Recursos e Investimentos";0.0;"PN";0.0;100000.0;0.0;0.0;0.0;0.0;-2574510000.0;0.0;0.0;0.0;""
"BDLL3";"BAEDELLA - BARDELLA SA INDS MECANICAS";"Máquinas e Equipamentos";"Máqs. e Equips. Industriais";510.0;"ON";816000000.0;16000000.0;0.0;0.0;0.0;0.0;-1109420000.0;0.0;0.0;0.0;"Fundo de Inv. Jaburá Ações"
"BECE3";"BEC - BANCO DO ESTADO DO CEARA S/A BEC";"";"";91.0;"ON";8414680000.0;924690000.0;0.0;0.0;0.0;0.0;-2462620000.0;0.0;0.0;0.0;""
"BEEF3";"Minerva - MINERVA S/A";"Alimentos";"Carnes e Derivados";497.0;"ON";11253000000.0;2264180000.0;119305000.0;0.0;2643.0;0.0;-14860700000.0;0.0;0.0;0.0;"FMR LLC"
"BELG3";"BELGO - COMPANHIA SIDERÚRGICA BELGO-MINEIRA";"";"";13755.0;"ON";8954410000.0;6509930000.0;0.0;0.0;0.0;0.0;25084100000.0;0.0;0.0;0.0;""
"BEMA3";"Bematech - BEMATECH IND COM EQUIP ELETRONICOS SA";"Computadores e Equipamentos";"Computadores e Equipamentos";108.0;"ON";5569340000.0;515680000.0;0.0;0.0;1585.0;0.0;363550000.0;0.0;0.0;0.0;""
"BERG3";"BERGAMO - BERGAMO CIA INDUSTRIAL";"";"";330.0;"ON";0.0;0.0;0.0;0.0;0.0;0.0;-97960000.0;0.0;0.0;0.0;""
"BESP3";"BANESPA - BANCO DO ESTADO DE SAO PAULO S.A. - BANESPA";"";"";3300.0;"ON";127868000000.0;387478000000.0;0.0;0.0;0.0;0.0;12322600000.0;0.0;0.0;0.0;""
"BFIT3";"BANCO SUDAMERIS BRASIL SA - BANCO SUDAMERIS BRASIL SA";"";"";98.0;"ON";38127400000.0;38905500000.0;0.0;0.0;0.0;0.0;2061830000.0;0.0;0.0;0.0;""
"BGIP3";"BANESE - BANCO ESTADO SERGIPE SA";"Financeiros";"Bancos";370.0;"ON";5655450000.0;152850000.0;2710.0;0.0;2371.0;2375289000000.0;841140000.0;42.0;2823.892574;0.0;"Governo do Estado de Sergipe"
"BHGR3";"BHG - BHG S.A. - BRAZIL HOSPITALITY GROUP";"Exploração de Imóveis";"Exploração de Imóveis";191.0;"ON";11869000000.0;621414000.0;0.0;0.0;0.0;0.0;-43610000.0;0.0;0.0;0.0;""
"BICB3";"BicBanco - BANCO INDUSTRIAL E COMERCIAL S/A";"Financeiros";"Bancos";80.0;"ON";20232300000.0;2529040000.0;0.0;0.0;203.0;0.0;-8596180000.0;0.0;0.0;0.0;""
"BIOM3";"BIOMM SA - BIOMM SA";"Saúde";"Medicamentos e Outros Produtos";84.0;"ON";4013770000.0;477830000.0;784730.0;0.0;0.0;0.0;-384730000.0;0.0;0.0;0.0;"Vinci Gas Fundo de Investimento em Ações"
"BISA3";"BROOKFIELD INCORPORACOES - BROOKFIELD INCORPORACOES S.A.";"Construção e Engenharia";"Construção Civil";158.0;"ON";21165700000.0;13396000000.0;0.0;0.0;2118.0;0.0;-11971100000.0;0.0;0.0;0.0;""
"BKBR3";"BK BRASIL - BK BRASIL OPERAÇÃO E ASSESSORIA A RESTAURANTES SA";"Hoteis e Restaurantes";"Restaurante e Similares";2015.0;"ON";44839000000.0;2225260000.0;182756000.0;0.0;0.0;0.0;662340000.0;0.0;0.0;0.0;""
"BMEB3";"BANCO MERCANTIL DO BRASIL S/A - BANCO MERCANTIL BRASIL SA";"Financeiros";"Bancos";705.0;"ON";3695330000.0;524160000.0;182410.0;0.0;1922.0;0.0;549930000.0;0.0;0.0;0.0;"E2M ESTRATEGIA FIM"
"BMEF3";"BMF - BOLSA DE MERCADORIAS & FUTUROS - BM&F S/A";"Serviços Financeiros Diversos";"Serviços Financeiros Diversos";110.0;"ON";111186000000.0;10107900000.0;0.0;0.0;0.0;0.0;0.0;0.0;0.0;0.0;""
"BMIN3";"BANCO MERCANTIL DE INVESTIMENTOS SA - BCO MERCANTIL INVS SA";"Financeiros";"Bancos";1472.0;"ON";710240000.0;48250000.0;1720.0;0.0;6.0;0.0;26180000.0;0.0;0.0;0.0;"BANCO MERCANTIL DO BRASIL S.A."
"BMKS3";"MONARK - BICICLETAS MONARK SA";"Viagens e Lazer";"Bicicletas";2900.0;"ON";1318780000.0;4547500.0;16120.0;0.0;1783.0;804452750000.0;19340000.0;61.0;41595.281799;0.0;"CAIXA PREVIDÊNCIA BANCO DO BRASIL - PREVI"
"BMTO3";"BRASMOTOR S.A - BRASMOTOR SA";"Utilidades Domésticas";"Eletrodomésticos";782.0;"ON";22399900000.0;2864440000.0;0.0;0.0;2837.0;0.0;1255720000.0;0.0;0.0;0.0;""
"BNCA3";"NOSSA CAIXA-NOSSO BANCO - BANCO NOSSA CAIXA S.A.";"Financeiros";"Bancos";703.0;"ON";75246300000.0;1070360000.0;0.0;0.0;0.0;0.0;-833250000.0;0.0;0.0;0.0;""
"BOBR3";"BOMBRIL SA - BOMBRIL SA";"Prods. de Uso Pessoal e de Limpeza";"Produtos de Limpeza";0.0;"ON";0.0;540650000.0;0.0;0.0;1617.0;0.0;1379760000.0;0.0;0.0;0.0;"Caixa de Previd. dos Func. Banco do Brasil"
"BOVH3";"Bovespa Hld - BOVESPA HOLDING SA";"Serviços Financeiros Diversos";"Serviços Financeiros Diversos";1571.0;"ON";113566000000.0;7228880000.0;0.0;0.0;0.0;0.0;0.0;0.0;0.0;0.0;""
"BPAR3";"BANPARÁ S.A. - BANCO ESTADO PARA SA";"Financeiros";"Bancos";1510.0;"ON";14378200000.0;95220000.0;14380.0;0.0;46666.0;27031053600000.004;3171160000.0;188.0;8524.027044;0.0;"Outros"
"BPHA3";"BRAZIL PHARMA S.A. - BR PHARMA";"Comércio e Distribuição";"Medicamentos";153.0;"ON";1730140000.0;1130810000.0;1676860.0;0.0;77.0;0.0;-3986190000.0;0.0;0.0;0.0;"BTGI Stigma LLC"
"BPIA3";"BEP - BANCO DO ESTADO DO PIAUÍ S.A.";"Financeiros";"Bancos";61.0;"ON";822768000.0;134880000.0;0.0;0.0;0.0;0.0;145830000.0;0.0;0.0;0.0;""
"BPNM3";"BANCO PAN - BCO PAN S.A.";"Financeiros";"Bancos";0.0;"ON";0.0;11418100000.0;0.0;0.0;66.0;0.0;2027640000.0;0.0;0.0;0.0;""
"BRDT3";"PETROBRAS BR - PETROBRAS DISTRIBUIDORA S/A";"Petróleo, Gás e Biocombustíveis";"Exploração e/ou Refino e Distribuição";240.0;"ON";279600000000.0;11650000000.0;1282050000.0;0.0;3722.0;16776000000000.0;21190000000.0;6.0;791.694195;0.0;""
"BRFS3";"BRF Foods - BRF Foods";"Alimentos";"Carnes e Derivados";2207.0;"ON";179313000000.0;8124730000.0;1363390000.0;0.0;1218.0;0.0;-33150500000.0;0.0;0.0;0.0;"AcoesTesouraria"
"BRGE3";"CONSORCIO ALFA - CONSORCIO ALFA DE ADMINISTRAÇÃO SA";"Financeiros";"Bancos";402.0;"ON";2960570000.0;736460000.0;4010.0;0.0;15.0;0.0;611910000.0;0.0;0.0;0.0;"Administradora Fortaleza Ltda."
"BRIN3";"BR Insurance - BRASIL INSURANCE PARTICIPAÇÕES E ADMINISTRAÇÃO S.A";"Previdência e Seguros";"Corretoras de Seguros";1825.0;"ON";1401240000.0;76780000.0;4813360.0;0.0;26.0;0.0;-709920000.0;0.0;0.0;0.0;""
"BRIV3";"ALFA DE INVESTIMENTO - BANCO ALFA DE INVESTIMENTO SA";"Financeiros";"Bancos";525.0;"ON";4651550000.0;886010000.0;26170.0;0.0;0.0;0.0;534380000.0;0.0;0.0;0.0;"Aloysio de Andrade Faria"
"BRPR3";"BR PROPERTIES - BR PROPERTIES S.A.";"Exploração de Imóveis";"Exploração de Imóveis";85.0;"ON";34606500000.0;4071350000.0;50030000.0;0.0;1631.0;0.0;-203670000.0;19.0;0.0;0.0;"GP Real Properties II C, LLC"
"BRTP3";"BRASIL TELECOM PARTICIPAÇÕES S.A. - BRASIL TELECOM PARTICIPAÇÕES SA";"Telefonia Fixa";"Telefonia Fixa";3571.0;"ON";129973000000.0;3639690000.0;0.0;0.0;0.0;0.0;-1932540000.0;0.0;0.0;0.0;""
"BSCT3";"BESC S.A. - BANCO DO ESTADO DE SANTA CATARINA SA";"Financeiros";"Bancos";405.0;"ON";6803110.0;1679780000.0;0.0;0.0;0.0;0.0;192710000.0;0.0;0.0;0.0;""
"BSEV3";"BIOSEV - BIOSEV S.A.";"Alimentos";"Açucar e Alcool";29.0;"ON";29592400000.0;10204300000.0;2781170.0;0.0;0.0;0.0;-9077030000.0;0.0;0.0;0.0;"NL PARTICIPATIONS HOLDINGS 4 B.V."
"BSGR3";"AGF BRASIL SEGUROS - AGF BRASIL SEGUROS SA";"";"";109128.0;"ON";0.0;0.0;0.0;0.0;0.0;0.0;0.0;0.0;0.0;0.0;""
"BSLI3";"BRB - BRB-BANCO DE BRASILIA SA";"Financeiros";"Bancos";3401.0;"ON";12347300000.0;363050000.0;810.0;0.0;4186.0;9877864400000.0;1020330000.0;8.0;9681.04868;0.0;"Outros"
"BTOW3";"B2W - COMPANHIA GLOBAL DO VAREJO - B2W - COMPANHIA GLOBAL DO VAREJO";"Comércio";"Produtos Diversos";3952.0;"ON";180717000000.0;4572810000.0;1316490000.0;0.0;73.0;0.0;-3646240000.0;0.0;0.0;0.0;"Lojas Americanas S.A."
"BTTL3";"APABA - BATTISTELLA ADM E PARTIC S.A - APABA";"Holdings Diversificadas";"Holdings Diversificadas";303.0;"ON";465378000.0;153590000.0;30870.0;0.0;55.0;0.0;-92190000.0;0.0;0.0;0.0;"J MALUCELLI SMALL CAPS FIA"
"BUET3";"BUETTNER S/A - INDUSTRIA E COMERCIO - BUETTNER SA IND E COMERCIO";"Tecidos, Vestuário e Calçados";"Fios e Tecidos";2499.0;"ON";1210770000.0;48450000.0;0.0;0.0;0.0;0.0;-221810000.0;0.0;0.0;0.0;""
"BVMF3";"B3 - B3 S.A. - BRASIL, BOLSA, BALCÃO";"";"";0.0;"";0.0;0.0;0.0;0.0;0.0;0.0;0.0;0.0;0.0;0.0;""
"CAFE3";"CAFE SOLUVEL BRASILIA S/A - CAFE SOLUVEL BRASILIA SA";"Alimentos";"Café";20.0;"ON";43690800.0;21845400000.0;0.0;0.0;0.0;0.0;2421560000.0;0.0;0.0;0.0;""
"CALI3";"CAL S/A - CONST ADOLPHO LINDENBERG SA";"Construção e Engenharia";"Construção Civil";9818.0;"ON";365230000.0;3720000.0;168310.0;0.0;29383.0;0.0;-15460000.0;3.0;0.0;0.0;"LDI Desenvolvimento Imobiliário S.A"
"CAMB3";"PENALTY - CAMBUCI SA";"Tecidos, Vestuário e Calçados";"Calçados";0.0;"ON";0.0;38550000.0;0.0;0.0;0.0;0.0;627610000.0;0.0;0.0;0.0;"IGUANA FUNDO DE INVESTIMENTOS DE AÇÕES"
"CAML3";"CAMIL - CAMIL ALIMENTOS S.A.";"";"";0.0;"";0.0;0.0;0.0;0.0;0.0;0.0;0.0;0.0;0.0;0.0;""
"CARD3";"CSU CARDSYST - CSU CARDSYSTEM S.A.";"Serviços";"Serviços Diversos";682.0;"ON";2850760000.0;418000000.0;17516600.0;0.0;1042.0;14538876000000.0;406200000.0;51.0;35792.407681;0.0;"Sul América Investimentos DTVM S/A"
"CASN3";"CASAN - CIA CAT. DE ÁGUAS E SANEAMENTO - CASAN";"Água e Saneamento";"Água e Saneamento";80.0;"ON";57207500000.0;7150940000.0;0.0;0.0;114.0;0.0;-1071130000.0;0.0;0.0;0.0;"SC Parcerias"
"CBEE3";"AMPLA ENERG - AMPLA ENERGIA E SERVICOS S.A.";"Energia Elétrica";"Energia Elétrica";259.0;"ON";43158200000.0;1666340000.0;14010.0;0.0;118.0;0.0;2259870000.0;0.0;0.0;0.0;""
"CBMA3";"COBRASMA S/A - COBRASMA SA";"Material de Transporte";"Material Ferroviário";1.0;"ON";10258500.0;1025850000.0;0.0;0.0;0.0;0.0;-9658000000.0;0.0;0.0;0.0;""
"CCHI3";"CHIARELLI - CERAMICA CHIARELLI SA";"Construção e Engenharia";"Materiais de Construção";2.0;"ON";15600000.0;780000000.0;0.0;0.0;0.0;0.0;0.0;0.0;0.0;0.0;""
"CCIM3";"CC DES IMOB - CAMARGO CORREA DESENV. IMOBILIARIO S.A.";"Construção e Engenharia";"Construção Civil";552.0;"ON";6237600000.0;1130000000.0;0.0;0.0;0.0;0.0;-379450000.0;0.0;0.0;0.0;""
"CCPR3";"CYRELA COMMERCIAL PROPERTIES SA EMP PART - CYRELA COMMERCIAL PROPERTIES SA EMP PART";"Exploração de Imóveis";"Exploração de Imóveis";837.0;"ON";10015900000.0;1196640000.0;4125180.0;0.0;10028.0;12019052160000.0;49730200.0;12.0;241685.176412;0.0;"Leo Krakowiak"
"CCXC3";"CCX CARVAO - CCX CARVÃO DA COLÔMBIA S.A.";"Mineração";"Minerais Metálicos";372.0;"ON";63277200.0;17010000.0;815770.0;0.0;0.0;0.0;-7850000.0;0.0;0.0;0.0;"Centennial Asset Brazilian Equity Fund"
"CEDO3";"CIA. DE FIAÇÃO E TECIDOS CEDRO CACHOEIRA - COMPANHIA DE FIACAO E TECIDOS CEDRO E CACHOEIRA";"Tecidos, Vestuário e Calçados";"Fios e Tecidos";68.0;"ON";680000000.0;100000000.0;480.0;0.0;2.0;0.0;494720000.0;0.0;0.0;0.0;"Cia Tecidos Norte de Minas - Coteminas"
"CEEB3";"COELBA - CIA ELETRICIDADE DA BAHIA";"Energia Elétrica";"Energia Elétrica";266.0;"ON";69717500000.0;2620960000.0;41440.0;0.0;2141.0;11154805760000.0;5115930000.0;16.0;2180.406253;0.0;"PREVI - Caixa de Previdência dos Funcionários do BB"
"CEED3";"CEEE-D - CIA ESTADUAL DE DISTRIB ENER ELET-CEEE-D";"Energia Elétrica";"Energia Elétrica";375.0;"ON";3630380000.0;96810000.0;34690.0;0.0;0.0;0.0;-10531400000.0;0.0;0.0;0.0;"Jacinta Campoi dos Santos"
"CEGR3";"CEG - CIA. DISTRIB. DE GÁS DO RIO DE JANEIRO";"Gás";"Gás";330.0;"ON";85680500000.0;2596380000.0;10600.0;0.0;5571.0;0.0;3534440000.0;0.0;0.0;0.0;"Outros"
"CELM3";"CELM CIA EQUIP. DE LABORATORIOS MODERNOS - CELM CIA EQUIP LABS MODERNOS";"Máquinas e Equipamentos";"Máqs. e Equips. Hospitalares";150.0;"ON";17400000.0;1160000.0;0.0;0.0;0.0;0.0;-25990000.0;0.0;0.0;0.0;""
"CEPE3";"CELPE - CIA ENERGÉTICA DE PERNAMBUCO - CELPE";"Energia Elétrica";"Energia Elétrica";2453.0;"ON";18302300000.0;746120000.0;0.0;0.0;166.0;0.0;1540840000.0;0.0;0.0;0.0;"Neoenergia S.A"
"CESP3";"CESP CIA ENERGETICA SAO PAULO - CESP - COMPANHIA ENERGÉTICA DE SÃO PAULO";"Energia Elétrica";"Energia Elétrica";2119.0;"ON";69397900000.0;3275030000.0;4782150.0;0.0;381.0;13879577140000.0;1331150000.0;2.0;10426.756669;0.0;"Credit Suisse Securities (Europe)"
"CGAS3";"COMPANHIA DE GÁS DE SÃO PAULO - COMGÁS - COMPANHIA DE GÁS DE SÃO PAULO - COMGÁS";"Gás";"Gás";609.0;"ON";80402000000.0;1320230000.0;1279050.0;0.0;52691.0;73969846440000.0;6628100000.0;92.0;11160.037785;0.0;"LAPB POLAND FUNDOS"
"CGOS3";"CELG - COMPANHIA ENERGÉTICA DE GOIÁS - CELG";"Energia Elétrica";"Energia Elétrica";262.0;"ON";8588360000.0;327800000.0;0.0;0.0;0.0;0.0;-1769230000.0;0.0;0.0;0.0;""
"CIQU3";"CACIQUE - CIA CACIQUE CAFE SOLUVEL";"Alimentos";"Café";1249.0;"ON";3116010000.0;249480000.0;0.0;0.0;1041.0;0.0;470160000.0;0.0;0.0;0.0;""
"CLAN3";"CLARION - CLARION S.A. AGROINDUSTRIAL ";"Alimentos";"Grãos e Derivados";0.0;"ON";0.0;1587030000.0;0.0;0.0;0.0;0.0;-106000000.0;0.0;0.0;0.0;""
"CLSC3";"CELESC - CENTRAIS ELETRICAS DE SANTA CATARINA S.A";"Energia Elétrica";"Energia Elétrica";460.0;"ON";17743100000.0;385720000.0;1892660.0;0.0;2318.0;177431200000.0;1872390000.0;1.0;94.761882;0.0;"FUNDAÇÃO CELESC DE SEGURIDADE SOCIAL - CELOS"
"CMIG3";"CEMIG - CIA ENERG MINAS GERAIS - CEMIG";"Energia Elétrica";"Energia Elétrica";1448.0;"ON";211227000000.0;14587500000.0;177617000.0;0.0;306.0;42245400000000.0;13019300000.0;2.0;3244.828831;0.0;"BNDES Participações S/A- BNDESPAR"
"CORR3";"CORREA RIBEIRO SA COM. IND. - CORREA RIBEIRO SA COM IND";"";"";0.0;"";0.0;0.0;0.0;0.0;0.0;0.0;0.0;0.0;0.0;0.0;"Correa Ribeiro Empreendimentos SC LTDA"
"CPFE3";"CPFL ENERGIA S.A. - CPFL ENERGIA SA";"Energia Elétrica";"Energia Elétrica";2799.0;"ON";284914000000.0;10179100000.0;94802600.0;0.0;2753.0;28491300900000.0;19118000000.0;1.0;1490.286688;0.0;"Camargo Corrêa S.A."
"CPFG3";"CPFL GERAÇÂO DE ENERGIA S/A - CPFL GERAÇÃO DE ENERGIA S/A";"Energia Elétrica";"Energia Elétrica";1265.0;"ON";25994700000.0;2054920000000.0;0.0;0.0;0.0;0.0;6848310000.0;0.0;0.0;0.0;""
"CPNY3";"COMPANY  S/A - COMPANY SA";"Construção e Engenharia";"Construção Civil";235.0;"ON";1692140000.0;720061000.0;0.0;0.0;0.0;0.0;-153830000.0;0.0;0.0;0.0;""
"CPRE3";"CPFL RENOVAV - CPFL ENERGIAS RENOVÁVEIS S.A.";"Energia Elétrica";"Energia Elétrica";1441.0;"ON";72599200000.0;5038110000.0;8574920.0;0.0;72.0;0.0;543090000.0;0.0;0.0;0.0;"FIP Pátria Energia (Pátria Investimentos)"
"CPSL3";"COPESUL - COPESUL - COMPANHIA PETROQUÍMICA DO SUL";"";"";3802.0;"ON";57112500000.0;1502170000.0;0.0;0.0;0.0;0.0;6673370000.0;0.0;0.0;0.0;""
"CRBM3";"CARAÍBA METAIS S.A - CARAIBA METAIS SA";"Siderurgia e Metalurgia";"Artefatos de Cobre";900.0;"ON";27008100000.0;300090000.0;0.0;0.0;0.0;0.0;-932940000.0;0.0;0.0;0.0;""
"CRDE3";"CR2 - CR2 EMPREENDIMENTOS IMOBILIÁRIOS S/A";"Construção e Engenharia";"Construção Civil";1994.0;"ON";482947000.0;24220000.0;361180.0;0.0;363.0;0.0;-102240000.0;0.0;0.0;0.0;"ANA LETICIA CAVALCANTE BRANDAO"
"CREM3";"CREMER S.A. - CREMER SA";"Saúde";"Medicamentos e Outros Produtos";145.0;"ON";4651170000.0;320770000.0;2420.0;0.0;191.0;46511650000.0;142260000.0;1.0;326.948193;0.0;""
"CRFB3";"CARREFOUR BR - ATACADÃO S.A.";"Comércio e Distribuição";"Alimentos";1802.0;"ON";357278000000.0;19826700000.0;711289000.0;0.0;0.0;71455426800000.0;16210000000.0;2.0;4408.107761;0.0;""
"CRIV3";"ALFA FINANCEIRA - FINANCEIRA ALFA S.A.- C.F.I";"Financeiros";"Soc. Crédito e Financiamento";43.0;"ON";4426550000.0;1029430000.0;76270.0;0.0;5.0;44265490000.0;648350000.0;1.0;68.274065;0.0;"LAPB Poland Fundo de Investimento em Ações"
"CRPG3";"CRISTAL - CRISTAL PIGMENTOS DO BRASIL S.A.";"Químicos";"Químicos Diversos";335.0;"ON";7777030000.0;232150000.0;40130.0;0.0;42.0;0.0;1485020000.0;0.0;0.0;0.0;""
"CRTP3";"CELULAR CRT PARTICIPAÇÕES S/A - CELULAR CRT PARTICIPAÇÕES S.A.";"";"";865.0;"ON";28788100000.0;332810000.0;0.0;0.0;0.0;0.0;1293430000.0;0.0;0.0;0.0;""
"CRUZ3";"SOUZA CRUZ - SOUZA CRUZ SA";"Fumo";"Cigarros e Fumo";2759.0;"ON";421699000000.0;15284500000.0;0.0;0.0;4148.0;0.0;16662400000.0;0.0;0.0;0.0;""
"CSAN3";"COSAN SA INDUSTRIA E COMERCIO - COSAN SA INDUSTRIA E COMERCIO";"Alimentos";"Açucar e Alcool";32.31;"ON";13179400000.0;407904000.0;59338600.0;0.0;1.1086;448098860.16;1467420000.0;0.034;0.305365;0.0;"AcoesTesouraria"
"CSMG3";"COPASA MG - COMPANHIA DE SANEAMENTO DE MINAS GERAIS";"Água e Saneamento";"Água e Saneamento";5718.0;"ON";72476200000.0;1267510000.0;310941000.0;0.0;22153.0;50733355260000.0;5514870000.0;7.0;9199.374647;0.0;"UBS Ag, London Branch"
"CSPC3";"COSIPA - COMPANHIA SIDERÚRGICA PAULISTA - COSIPA";"";"";124.0;"ON";0.0;0.0;0.0;0.0;0.0;0.0;9641150000.0;0.0;0.0;0.0;""
"CSRN3";"COSERN - CIA ENERGÉTICA DO RIO GRANDE DO NORTE";"Energia Elétrica";"Energia Elétrica";165.0;"ON";27732200000.0;1680740000.0;48590.0;0.0;3521.0;8596985100000.0;2739100000.0;31.0;3138.616735;0.0;"Neoenergia S.A"
"CSTB3";"COMPANHIA SIDERÚRGICA DE TUBARÃO - COMPANHIA  SIDERÚRGICA  DE  TUBARÃO";"";"";1500.0;"ON";0.0;0.0;0.0;0.0;0.0;0.0;16933900000.0;0.0;0.0;0.0;""
"CTIP3";"CETIP - CETIP S.A. - BALCÃO ORGANIZADO DE ATIVOS";"Serviços Financeiros Diversos";"Serviços Financeiros Diversos";495.0;"ON";130175000000.0;2629790000.0;0.0;0.0;3581.0;0.0;3705990000.0;0.0;0.0;0.0;""
"CTKA3";"KARSTEN - KARSTEN SA";"Tecidos, Vestuário e Calçados";"Fios e Tecidos";489.0;"ON";303424000.0;62050000.0;0.0;0.0;1678.0;0.0;-539950000.0;0.0;0.0;0.0;"Kasavii Participações S.A."
"CTNM3";"COTEMINAS - CIA TECIDOS NORTE DE MINAS - COTEMINAS";"Tecidos, Vestuário e Calçados";"Fios e Tecidos";822.0;"ON";2518280000.0;306360000.0;205970.0;0.0;59.0;0.0;655380000.0;0.0;0.0;0.0;"HOLTEX INC"
"CTPC3";"CTM CITRUS SA - CTM CITRUS SA";"Alimentos";"Alimentos Diversos";2.0;"ON";25962000.0;129810000.0;0.0;0.0;0.0;0.0;340000.0;0.0;0.0;0.0;""
"CTSA3";"SANTANENSE - CIA TECIDOS SANTANENSE";"Tecidos, Vestuário e Calçados";"Fios e Tecidos";469.0;"ON";1843120000.0;392990000.0;83460.0;0.0;19531.0;80360167160000.0;263770000.0;436.0;304659.996057;0.0;"COMPANHIA DE TECIDOS NORTE DE MINAS COTEMINAS"
"CTWR3";"BLUE TREE HOTELS - BLUE TREE HOTELS & RESORTS DO BRASIL SA";"Hoteis e Restaurantes";"Hotelaria";1000.0;"ON";499000000.0;4990000.0;0.0;0.0;0.0;0.0;51150000.0;0.0;0.0;0.0;""
"CVCB3";"CVC BRASIL - CVC BRASIL OPERADORA E AGÊNCIA DE VIAGENS S.A.";"Viagens e Lazer";"Viagens e Turismo";6172.0;"ON";90406200000.0;1464780000.0;642105000.0;0.0;836.0;72324977280000.0;2680350000.0;8.0;26983.407868;0.0;"FIP BTC"
"CYRE3";"CYRELA BRAZIL REALTY - CYRELA BRAZIL REALTY S.A. EMPREEN E PART";"Construção e Engenharia";"Construção Civil";1491.0;"PN";59601700000.0;3997430000.0;560422000.0;0.0;5209.0;0.0;-1517110000.0;35.0;0.0;0.0;"Capital Research Global Investors"
"CZRS3";"Cruzeiro Sul - BANCO CRUZEIRO DO SUL SA";"Financeiros";"Bancos";0.0;"ON";0.0;1367270000.0;0.0;0.0;0.0;0.0;383140000.0;0.0;0.0;0.0;""
"DAGB33";"DUFRY AG - DUFRY A.G.";"Comércio";"Produtos Diversos";3750.0;"PN";0.0;0.0;0.0;0.0;137289.0;0.0;2815670000.0;0.0;0.0;0.0;""
"DASA3";"DIAGNOSTICOS DA AMERICA SA - DIAGNOSTICOS DA AMERICA SA";"Saúde";"Serviços Médico - Hospitalares, Análises e Diagnósticos";270.0;"ON";84220000000.0;3119260000.0;582060.0;0.0;46.0;4211001000000.0;2097590000.0;5.0;2007.542465;0.0;"CROMOSSOMO PARTICIPAÇÕES II S.A."
"DAYC3";"Daycoval - BANCO DAYCOVAL S.A.";"Financeiros";"Bancos";0.0;"ON";0.0;2414640000.0;0.0;0.0;0.0;0.0;5214740000.0;0.0;0.0;0.0;""
"DFVA3";"D F VASCONCELLOS S/A O.M.A.P. - D F VASCONC SA OPT MEC A PREC";"";"";99.0;"ON";710028000.0;71720000.0;0.0;0.0;0.0;0.0;-22630000.0;0.0;0.0;0.0;""
"DHBI3";"DHB - DHB IND E COMERCIO SA";"Material de Transporte";"Material Rodoviário";190.0;"ON";797430000.0;41970000.0;0.0;0.0;0.0;0.0;-959470000.0;0.0;0.0;0.0;""
"DIRR3";"Direcional Engenharia - DIRECIONAL ENGENHARIA S.A.";"Construção e Engenharia";"Construção Civil";755.0;"ON";11581600000.0;1533990000.0;66631600.0;0.0;6123.0;0.0;-1575760000.0;81.0;0.0;0.0;"Ana Carolina Ribeiro Valadares Gontijo"
"DMMO3";"DOMMO - DOMMO ENERGIA S.A.";"Petróleo, Gás e Biocombustíveis";"Exploração e/ou Refino e Distribuição";10.0;"ON";26654400000.0;26654400000.0;37625600.0;0.0;1.0;0.0;-2973230000.0;0.0;0.0;0.0;""
"DOCA3";"DOCAS S.A. - DOCAS INVESTIMENTOS SA";"Mídia";"Jornais, Livros e Revistas";110.0;"ON";127495000.0;11590400.0;0.0;0.0;0.0;0.0;-321680000.0;0.0;0.0;0.0;""
"DOHL3";"DOHLER - DOHLER S.A.";"Tecidos, Vestuário e Calçados";"Fios e Tecidos";745.0;"ON";4508440000.0;605160000.0;0.0;0.0;0.0;0.0;547170000.0;0.0;0.0;0.0;""
"DPPI3";"IPIRANGA DISTRIBUIDORA - DISTRIB PRODUTOS PETROLEO IPIRANGA S.A.";"Petróleo, Gás e Biocombustíveis";"Distribuição de Combustíveis";850.0;"ON";27200000000.0;320000000.0;0.0;0.0;0.0;0.0;1634080000.0;0.0;0.0;0.0;""
"DSUL3";"DATASUL - DATASUL S.A.";"Programas e Serviços";"Programas e Serviços";795.0;"ON";2303510000.0;289750000.0;0.0;0.0;0.0;0.0;407840000.0;0.0;0.0;0.0;""
"DTCY3";"DTCOM - DTCOM - DIRECT TO COMPANY S.A.";"Serviços";"Serviços Diversos";212.0;"ON";165127000.0;77890000.0;83060.0;0.0;0.0;0.0;-30070000.0;0.0;0.0;0.0;"NORTON PAIM MOREIRA"
"DTEX3";"DURATEX - SATIPEL INDUSTRIAL S/A";"Madeira e Papel";"Madeira";110.0;"ON";76096400000.0;6917850000.0;176946000.0;0.0;88.0;0.0;6581520000.0;0.0;0.0;0.0;"Alex Laserna Seibel"
"DUQE3";"METALURGICA DUQUE SA - METALURGICA DUQUE SA";"Siderurgia e Metalurgia";"Artefatos de Ferro e Aço";280.0;"ON";788480000.0;28160000.0;0.0;0.0;4.0;0.0;-500090000.0;0.0;0.0;0.0;""
"DURA3";"DURATEX - DURATEX SA";"Madeira e Papel";"Madeira";319.0;"ON";40415700000.0;1266950000.0;0.0;0.0;0.0;0.0;2432370000.0;0.0;0.0;0.0;""
"EALT3";"ELECTRO AÇO ALTONA S/A - ELECTRO AÇO ALTONA S/A";"Máquinas e Equipamentos";"Máqs. e Equips. Construção e Agrícolas";406.0;"ON";913500000.0;225000000.0;11760.0;0.0;861.0;5846400000000.0;352110000.0;64.0;16603.90219;0.0;"ZENITH ASSET MANAGEMENT LTDA"
"EBCO3";"EMBRACO - EMP BRAS COMPRES SA - EMBRACO";"";"";105.0;"ON";6979630000.0;6647270000.0;0.0;0.0;0.0;0.0;579950000.0;0.0;0.0;0.0;""
"EBTP3";"EMBRATEL PARTICIPAÇÕES SA - EMBRATEL PARTICIPAÇÕES SA";"Telefonia Fixa";"Telefonia Fixa";1021.0;"ON";125722000000.0;12313600000000.0;0.0;0.0;0.0;0.0;-2886230000.0;0.0;0.0;0.0;""
"ECIS3";"ECISA - ECISA ENG COM E INDUSTRIA SA";"";"";21165.0;"ON";0.0;0.0;0.0;0.0;0.0;0.0;94773000.0;0.0;0.0;0.0;""
"ECPR3";"ENCORPAR - EMP.NAC.C., RÉDITO E PART. S.A. ENCORPAR";"Tecidos, Vestuário e Calçados";"Fios e Tecidos";7899.0;"ON";1500810000.0;19000000.0;0.0;0.0;10351.0;19660611000000.0;392780000.0;131.0;50055.020622;0.0;"JOSÉ ALENCAR GOMES DA SILVA - COM. PART. EMP. S.A."
"EEEL3";"CEEE - CIA ESTADUAL ENERG ELETR-CEEE";"";"";2050.0;"ON";19846100000.0;96810000.0;40120.0;0.0;144372.0;1389223500000.0;2620460000.0;7.0;530.144898;0.0;"Centrais Elétricas Brasileiras - ELETROBRAS"
"EGIE3";"	ENGIE BRASIL - ENGIE BRASIL ENERGIA S.A.";"";"";0.0;"";0.0;0.0;0.0;0.0;17557.0;0.0;0.0;0.0;0.0;0.0;""
"EKTR3";"ELEKTRO ELETRICIDADE E SERVIÇOS S.A. - ELEKTRO ELETRICIDADE E SERVIÇOS S.A.";"Energia Elétrica";"Energia Elétrica";180.0;"ON";34876600000.0;1937590000.0;0.0;0.0;6843.0;0.0;3144650000.0;0.0;0.0;0.0;"Iberdrola Brasil S.A."
"ELCA3";"REDE EMPRESAS DE ENERGIA ELÉTRICA S.A. - REDE EMPRESAS DE ENERGIA ELÉTRICA S.A.";"Energia Elétrica";"Energia Elétrica";247.0;"ON";508295000000.0;20578700000.0;0.0;0.0;582.0;0.0;3501810000.0;0.0;0.0;0.0;""
"ELEK3";"ELEKEIROZ S/A - ELEKEIROZ S/A";"";"";0.0;"";0.0;0.0;0.0;0.0;6748.0;0.0;0.0;0.0;0.0;0.0;"Itausa - Investimentos Itau S.A."
"ELET3";"ELETROBRÁS - CENTRAIS ELET BRASILEIRAS SA";"Energia Elétrica";"Energia Elétrica";227.0;"ON";307048000000.0;13526300000.0;1103730000.0;0.0;244.0;0.0;-27704800000.0;0.0;0.0;0.0;"3G Radar Gestora de Recursos Ltda."
"ELEV3";" ELEVA  - ELEVA ALIMENTOS S/A";"Alimentos";"Carnes e Derivados";243.0;"ON";15753700000.0;648300000.0;0.0;0.0;0.0;0.0;50430000.0;0.0;0.0;0.0;""
"ELPL3";"AES ELETROPAULO - ELETROPAULO METROPOLITANA EL.S.PAULO S.A";"Energia Elétrica";"Energia Elétrica";3195.0;"ON";64064500000.0;2005150000.0;6645170.0;0.0;126.0;0.0;-11209600000.0;0.0;0.0;0.0;"Brasiliana Participações S.A."
"ELUM3";"ELUMA - ELUMA SA INDUSTRIA E COMERCIO";"";"";0.0;"";0.0;0.0;0.0;0.0;0.0;0.0;0.0;0.0;0.0;0.0;""
"EMBR3";"EMBRAER - EMBRAER EMP BRAS AERON SA";"Material de Transporte";"Material Aeronáutico";2147.0;"ON";158978000000.0;7404650000.0;753268000.0;0.0;1.0;0.0;-4737400000.0;1.0;0.0;0.0;"BRANDES INVESTMENTS PARTNERS, L.P."
"ENBR3";"EDP ENERGIAS DO BRASIL S/A - EDP ENERGIAS DO BRASIL S/A";"";"";0.0;"";0.0;0.0;0.0;0.0;4857.0;0.0;0.0;0.0;0.0;0.0;"Administradores"
"ENER3";"ENERSUL - EMPRESA ENERGÉTICA DE M.S. S.A.";"Energia Elétrica";"Energia Elétrica";105.0;"ON";67940.0;6470000.0;0.0;0.0;0.0;0.0;1478580000.0;0.0;0.0;0.0;""
"ENEV3";"ENEVA - ENEVA S.A";"Energia Elétrica";"Energia Elétrica";1591.0;"ON";50114900000.0;3149900000.0;99824200.0;0.0;70952.0;0.0;5099030000.0;0.0;0.0;0.0;"ICE Canyon LLC"
"ENGI3";"ENERGISA - ENERGISA SA";"Energia Elétrica";"Energia Elétrica";782.0;"ON";135272000000.0;17298300000.0;225280.0;0.0;56.0;27054541200000.0;7363820000.0;2.0;3673.981874;0.0;"Gipar S/A"
"ESCE3";"ESCELSA - ESPIRITO SANTO CENTRAIS ELETRICAS SA";"Energia Elétrica";"Energia Elétrica";1720.0;"ON";10106700000.0;58760000.0;0.0;0.0;0.0;0.0;1911120000.0;0.0;0.0;0.0;""
"ESTR3";"ESTRELA - MANUFATURA DE  BRINQUEDOS ESTRELA SA";"Viagens e Lazer";"Brinquedos e Jogos";200.0;"ON";161600000.0;8080000.0;78570.0;0.0;0.0;0.0;-298250000.0;0.0;0.0;0.0;"Carlos Antonio Tilkian"
"ETER3";"ETERNIT - ETERNIT SA";"Construção e Engenharia";"Materiais de Construção";275.0;"ON";820408000.0;298330000.0;8268300.0;0.0;9.0;0.0;-3187640000.0;0.0;0.0;0.0;"VIC DTVM S/A"
"EUCA3";"EUCATEX - EUCATEX SA IND E COMERCIO";"Madeira e Papel";"Madeira";95.0;"ON";8798810000.0;926190000.0;0.0;0.0;605.0;527928299999.99994;226200000.0;6.0;2333.900531;0.0;"Bravia Brazil LLC - BNY Mellon Serviços Financeiros DTVM S.A."
"EVEN3";"Even - EVEN CONSTRUTORA E INCORPORADORA S/A";"Construção e Engenharia";"Construção Civil";574.0;"ON";12455800000.0;2170000000.0;72532400.0;0.0;107.0;0.0;-3032820000.0;0.0;0.0;0.0;"Ruane, Cunniff & Goldfarb Inc."
"EZTC3";"EZTec - EZ TEC EMPREEND. E PARTICIPAÇÕES S/A";"Construção e Engenharia";"Construção Civil";241.0;"ON";39765400000.0;1650020000.0;144503000.0;0.0;5165.0;8350751220000.0;792890000.0;21.0;10532.042553;0.0;"SZA Participações S.A."
"FBMC3";"FIBAM - FIBAM CIA INDUSTRIAL";"Siderurgia e Metalurgia";"Artefatos de Ferro e Aço";800.0;"ON";581600000.0;7270000.0;0.0;0.0;0.0;0.0;-153730000.0;0.0;0.0;0.0;"RICARDO ATHOS PAPERINI"
"FCAP3";"FICAP - SAM INDUSTRIAS SA";"Siderurgia e Metalurgia";"Artefatos de Cobre";62.0;"ON";120565000.0;194460000.0;0.0;0.0;0.0;0.0;233920000.0;0.0;0.0;0.0;""
"FESA3";"FERBASA - CIA FERRO LIGAS BAHIA FERBASA";"Siderurgia e Metalurgia";"Siderurgia";2415.0;"ON";21329300000.0;883200000.0;37250.0;0.0;237.0;10664640000000.0;3508080000.0;5.0;3040.021892;0.0;"Fundação José Carvalho"
"FFTL3";"FOSFERTIL - FERTILIZANTES FOSFATADOS S.A. FOSFERTIL";"Químicos";"Fertilizantes e Defensivos";250.0;"ON";141508000000.0;5660330000.0;0.0;0.0;0.0;0.0;2659100000.0;0.0;0.0;0.0;""
"FGUI3";"FERREIRA GUIMARAES - CIA TEXTIL FERREIRA GUIMARAES";"Tecidos, Vestuário e Calçados";"Fios e Tecidos";120.0;"ON";4772730000.0;397727000000.0;0.0;0.0;0.0;0.0;-384600000.0;0.0;0.0;0.0;""
"FHER3";"Fer Heringer - FERTILIZANTES HERINGER SA";"Químicos";"Fertilizantes e Defensivos";399.0;"ON";2148890000.0;538570000.0;13994800.0;0.0;0.0;0.0;-4646260000.0;0.0;0.0;0.0;"Heringer Participações LTDA"
"FIGE3";"INVESTIMENTOS BEMGE - INVESTIMENTOS BEMGE S.A.";"Outros";"Outros";430.0;"ON";1016520000.0;23640000.0;0.0;0.0;456.0;10165200000.0;83920000.0;1.0;121.129647;0.0;"Banco Itauleasing S.A."
"FJTA3";"FORJAS TAURUS SA - FORJAS TAURUS SA";"Máquinas e Equipamentos";"Armas e Munições";421.0;"ON";2723360000.0;646880000.0;47294200.0;0.0;271.0;0.0;-2802490000.0;0.0;0.0;0.0;"CBC Participações S.A."
"FLCL3";"CATAG LEOPOLDINA - CIA FORÇA E LUZ CATAGUAZES-LEOPOLDINA";"";"";115.0;"ON";51832000000.0;4507130000000.0;0.0;0.0;0.0;0.0;386230000.0;0.0;0.0;0.0;""
"FRAS3";"FRAS-LE S.A. - FRAS-LE SA";"Material de Transporte";"Material Rodoviário";453.0;"ON";9855740000.0;2175660000.0;3669300.0;0.0;507.0;24639349500000.0;848980000.0;25.0;29022.296756;0.0;"GIF V Pipe Fundo de Investimento em Participações"
"FRIO3";"Metalfrio - METALFRIO SOLUTIONS S/A";"Equipamentos Elétricos";"Equipamentos Elétricos";600.0;"ON";2464200000.0;41070000.0;25650.0;0.0;449.0;0.0;-487150000.0;0.0;0.0;0.0;"Almond Tree LLC"
"FRTA3";"POMIFRUTAS - POMIFRUTAS S/A";"Agropecuária";"Agricultura";77.0;"ON";92451100.0;120066000.0;1708410.0;0.0;0.0;0.0;-282815000.0;0.0;0.0;0.0;""
"FTRX3";"FAB TECIDOS C RENAUX - FAB TECIDOS CARLOS RENAUX SA";"Tecidos, Vestuário e Calçados";"Fios e Tecidos";13.0;"ON";30975100.0;238270000.0;0.0;0.0;0.0;0.0;-208550000.0;0.0;0.0;0.0;""
"GAFP3";"CIMOB - CIMOB PARTICIPAÇÕES SA";"Construção e Engenharia";"Construção Civil";12.0;"ON";11858400.0;98820000.0;0.0;0.0;0.0;0.0;-313104000.0;0.0;0.0;0.0;""
"GALO3";"EMEEGE ESCAPAMENTOS - DE MAIO GALLO S.A IND. COM. PÇS P/ AUTOM";"";"";0.0;"ON";0.0;0.0;0.0;0.0;0.0;0.0;-46200000.0;0.0;0.0;0.0;""
"GAZO3";"GAZOLA SA INDÚSTRIA METALURGICA - GAZOLA SA INDÚSTRIA METALURGICA";"Utilidades Domésticas";"Utensílios Domésticos";34.0;"ON";49538000.0;14570000.0;0.0;0.0;0.0;0.0;108882000.0;0.0;0.0;0.0;""
"GBIO33";"BIOTOSCANA - BIOTOSCANA INVESTMENTS S.A.";"Saúde";"Medicamentos e Outros Produtos";80.0;"PN";0.0;0.0;23681300.0;0.0;0.0;0.0;455755000.0;0.0;0.0;0.0;""
"GETI3";"AES TIETE SA - AES TIETE SA";"Energia Elétrica";"Energia Elétrica";1445.0;"ON";55091100000.0;3812530000.0;0.0;0.0;3374.0;0.0;4176730000.0;0.0;0.0;0.0;""
"GFSA3";"GAFISA - GAFISA SA";"Construção e Engenharia";"Construção Civil";1667.0;"ON";7461160000.0;447580000.0;227620000.0;0.0;481.0;0.0;-5851220000.0;0.0;0.0;0.0;"Ações de titularidade dos membros do Conselho de Administração"
"GNDI3";"INTERMEDICA - NOTRE DAME INTERMEDICA PARTICIPACOES SA";"Saúde";"Serviços Médico - Hospitalares, Análises e Diagnósticos";2824.0;"ON";141279000000.0;5002810000.0;475774000.0;0.0;0.0;0.0;0.0;0.0;0.0;0.0;""
"GPCP3";"GPC PARTICIPACOES SA - GPC PARTICIPACOES SA";"Químicos";"Petroquímicos";962.0;"ON";602982000.0;62680000.0;662900.0;0.0;102.0;0.0;949010000.0;0.0;0.0;0.0;"IMOBILIARIA MONDESIR S/A"
"GPIV33";"GP INVESTMENTS, LTD - GP INVESTMENTS, LTD";"Holdings Diversificadas";"Holdings Diversificadas";465.0;"PN";7693560000.0;1654530000.0;3580050.0;0.0;0.0;0.0;-1705880000.0;0.0;0.0;0.0;""
"GRND3";"GRENDENE SA - GRENDENE SA";"";"";0.0;"";0.0;0.0;0.0;0.0;374.0;0.0;0.0;0.0;0.0;0.0;"Grendene Negócios S.A."
"GSHP3";"Generalshopp - GENERAL SHOPPING BRASIL SA";"Exploração de Imóveis";"Exploração de Imóveis";28.0;"ON";1944200000.0;694357000.0;871530.0;0.0;0.0;0.0;-565380000.0;0.0;0.0;0.0;"Teton Capital Partners, L.P."
"GVTT3";"GVT HOLDING - GVT (HOLDING) S.A.";"Telefonia Fixa";"Telefonia Fixa";577.0;"ON";79190900000.0;1372460000.0;0.0;0.0;0.0;0.0;1380080000.0;0.0;0.0;0.0;""
"HAGA3";"HAGA - FERRAGENS HAGA SA";"Construção e Engenharia";"Materiais de Construção";316.0;"ON";376040000.0;119000000.0;5650.0;0.0;0.0;0.0;2686540.0;0.0;0.0;0.0;"CTM ESTRATEGIA FUNDO DE INVEST EM AÇÕES"
"HAPV3";"HAPVIDA - HAPVIDA PARTICIPACOES E INVESTIMENTOS SA";"";"";0.0;"";0.0;0.0;0.0;0.0;0.0;0.0;0.0;0.0;0.0;0.0;""
"HBOR3";"Helbor - HELBOR EMPREENDIMENTOS S/A";"Construção e Engenharia";"Construção Civil";144.0;"ON";6593950000.0;4579130000.0;38783600.0;0.0;649.0;0.0;-4016860000.0;0.0;0.0;0.0;"Henrique Borenstein - Participação Direta"
"HETA3";"HERCULES S/A - HERCULES S/A - FABRICA DE TALHERES";"Utilidades Domésticas";"Utensílios Domésticos";401.0;"ON";20451000.0;5100000.0;0.0;0.0;0.0;0.0;0.0;0.0;0.0;0.0;"Zhepar Participações lTDA"
"HRTP3";"PETRORIO - PETRO RIO S.A.";"";"";0.0;"";0.0;0.0;0.0;0.0;0.0;0.0;0.0;0.0;0.0;0.0;""
"ICPI3";"CIMENTO ITAU CORUMBA - CIMENTO ITAU DE CORUMBA SA";"";"";0.0;"ON";0.0;0.0;0.0;0.0;0.0;0.0;0.0;0.0;0.0;0.0;""
"IDNT3";"IDEIASNET - IDEIASNET SA";"Programas e Serviços";"Programas e Serviços";679.0;"ON";1109760000.0;163440000.0;708090.0;0.0;0.0;0.0;-31760000.0;0.0;0.0;0.0;"Opus Gestão de Recursos"
"IDVL3";"Indusval - BCO INDUSVAL S.A.";"Financeiros";"Bancos";145.0;"ON";2211650000.0;1525270000.0;17410.0;0.0;0.0;0.0;-2411450000.0;0.0;0.0;0.0;"Jair Ribeiro da Silva Neto"
"IENG3";"INEPAR ENERGIA - INEPAR ENERGIA SA";"Energia Elétrica";"Energia Elétrica";15.0;"ON";516313000.0;3442090000.0;0.0;0.0;0.0;0.0;-639370000.0;0.0;0.0;0.0;""
"IGBR3";"GRADIENTE - GRADIENTE ELETRONICA S A";"Utilidades Domésticas";"Eletrodomésticos";171.0;"ON";213836000.0;125050000.0;2113000.0;0.0;20.0;0.0;277910000.0;0.0;0.0;0.0;"HAG PARTICIPAÇÕES S/A."
"IGUA3";"CIA. IGUAÇU DE CAFÉ SOLÚVEL - CIA. IGUAÇU DE CAFÉ SOLÚVEL";"Alimentos";"Café";815.0;"ON";2367820000.0;290530000.0;0.0;0.0;0.0;0.0;-189130000.0;0.0;0.0;0.0;""
"ILMD3";"YARA BRASIL FERTILIZANTES S.A. - YARA BRASIL FERTILIZANTES S.A.";"Químicos";"Fertilizantes e Defensivos";290.0;"ON";17303400000.0;596670000.0;0.0;0.0;0.0;0.0;1099710000.0;0.0;0.0;0.0;""
"IMBI3";"COMPANHIA DOCAS DE IMBITUBA - CIA DOCAS DE IMBITUBA";"Transporte";"Serviços de Apoio e Armazenagem";501.0;"ON";1754950000.0;350290000.0;0.0;0.0;0.0;0.0;-37810000.0;0.0;0.0;0.0;""
"IMCH3";"IMC HOLDINGS - International Meal Company Holdings S.A.";"Hoteis e Restaurantes";"Restaurante e Similares";639.0;"ON";5398460000.0;844830000.0;0.0;0.0;68.0;0.0;129060000.0;0.0;0.0;0.0;""
"INEP3";"INEPAR S/A - INEPAR SA IND E CONSTRUCOES";"Máquinas e Equipamentos";"Máqs. e Equips. Industriais";547.0;"ON";408949000.0;74762200.0;679380.0;0.0;1034.0;0.0;-1052290000.0;0.0;0.0;0.0;"CONCÓRDIA S/A CORRETORA DE VALORES MOBILIÁRIOS CÂMBIO E COMMODITIES"
"INET3";"ATOMPAR - ATOM PARTICIPACOES S.A.";"";"";0.0;"";0.0;0.0;0.0;0.0;0.0;0.0;0.0;0.0;0.0;0.0;""
"INHA3";"GAFISA - GAFISA SA";"Construção e Engenharia";"Construção Civil";0.0;"ON";0.0;447580000.0;0.0;0.0;481.0;0.0;-5851220000.0;0.0;0.0;0.0;""
"IRBR3";"IRBBRASIL RE - IRB - BRASIL RESSEGUROS S.A.";"";"";0.0;"";0.0;0.0;0.0;0.0;14142.0;0.0;0.0;0.0;0.0;0.0;""
"ITEC3";"ITAUTEC PHILCO SA - GRUPO ITAUTEC PHILCO - ITAUTEC PHILCO S.A. - GRUPO ITAUTEC PHILCO";"Computadores e Equipamentos";"Computadores e Equipamentos";1508.0;"ON";1669660000.0;110720000.0;0.0;0.0;135.0;0.0;-89170000.0;0.0;0.0;0.0;"Ações em Tesouraria"
"ITUB3";"ITAUUNIBANCO - ITAU UNIBANCO HOLDING S.A.";"Financeiros";"Bancos";29.3;"ON";287261000000.0;9804140000.0;6941230.0;0.0;0.015;20682813744.000004;19782500000.0;0.072;1.045511;0.0;"Itaúsa - Investimentos Itaú S.A."
"IVTT3";"BHG - BHG S.A. - BRAZIL HOSPITALITY GROUP";"Exploração de Imóveis";"Exploração de Imóveis";0.0;"ON";0.0;621414000.0;0.0;0.0;0.0;0.0;-43610000.0;0.0;0.0;0.0;""
"JBDU3";"J B DUARTE - INDS J B DUARTE SA";"Holdings Diversificadas";"Holdings Diversificadas";95.0;"ON";12920000.0;1360000.0;37920.0;0.0;27.0;0.0;265650000.0;0.0;0.0;0.0;"Monte Mor S/A - Imóveis e Participações"
"JBSS3";"JBS - JBS S.A.";"Alimentos";"Carnes e Derivados";1176.0;"ON";320901000000.0;27287500000.0;804455000.0;0.0;468.0;0.0;-9897810000.0;4.0;0.0;0.0;"Banco Original SA"
"JFEN3";"JOÃO FORTES ENGENHARIA S.A. - JOAO FORTES ENGENHARIA SA";"Construção e Engenharia";"Construção Civil";345.0;"ON";3629540000.0;1052040000.0;55660.0;0.0;681.0;0.0;-3627400000.0;0.0;0.0;0.0;"Postalis Instituto de Previdência Complementar"
"JHSF3";"JHSF Part - JHSF PARTICIPAÇÕES SA";"Construção e Engenharia";"Construção Civil";176.0;"ON";9264360000.0;5263840000.0;23494600.0;0.0;116.0;0.0;1371080000.0;0.0;0.0;0.0;"BTG PACTUAL WM GESTÃO DE RECURSOS LTDA"
"JSLG3";"JULIO SIMOES - JÚLIO SIMÕES LOGÍSTICA S.A.";"Transporte";"Transporte Rodoviário";656.0;"ON";13483300000.0;2055380000.0;15351400.0;0.0;9704.0;0.0;841510000.0;0.0;0.0;0.0;"GUEPARDO INVESTIMENTOS LTDA"
"KEPL3";"KEPLER WEBER SA - KEPLER WEBER SA";"Máquinas e Equipamentos";"Máqs. e Equips. Industriais";1503.0;"ON";3954690000.0;263120000.0;7217540.0;0.0;1022.0;0.0;-398850000.0;0.0;0.0;0.0;"SUL AMÉRICA EXPERTISE FI EM AÇÕES"
"KLBN3";"KLABIN - KLABIN S.A.";"";"";0.0;"";0.0;0.0;0.0;0.0;336.0;0.0;0.0;0.0;0.0;0.0;"BNDES Participações S/A - BNDESPAR"
"KROT3";"KROTON - KROTON EDUCACIONAL S.A.";"";"";0.0;"";0.0;0.0;0.0;0.0;1092.0;0.0;0.0;0.0;0.0;0.0;"Blackrock, Inc"
"KSSA3";"KLABINSEGALL - KLABIN SEGALL S.A.";"Construção e Engenharia";"Construção Civil";533.0;"ON";7766120000.0;1457060000.0;0.0;0.0;0.0;0.0;529720000.0;0.0;0.0;0.0;""
"LATS3";"REXAM BEVERAGE CAN SOUTH AMERICA - REXAM BEVERAGE CAN SOUTH AMERICA S.A.";"";"";220.0;"ON";0.0;0.0;0.0;0.0;0.0;0.0;125270000.0;0.0;0.0;0.0;""
"LCAM3";"LOCAMERICA - COMPANHIA DE LOCAÇÃO DAS AMÉRICAS";"";"";0.0;"";0.0;0.0;0.0;0.0;2162.0;0.0;0.0;0.0;0.0;0.0;"Pátria Investimentos Ltda."
"LCSA3";"NÃO  CONSTA - PARMALAT BRASIL S.A  IND DE  ALIMENTOS.";"Alimentos";"Laticínios";125.0;"ON";306657000000.0;24532600000.0;0.0;0.0;0.0;0.0;-2550530000.0;0.0;0.0;0.0;""
"LECO3";"LECO - CIA LECO DE PRODS ALIMENTICIOS";"Alimentos";"Grãos e Derivados";0.0;"ON";0.0;1450000000.0;0.0;0.0;0.0;0.0;-157020000.0;0.0;0.0;0.0;""
"LETO3";"MITTO - INDUSTRIAS MICHELETTO S/A";"Siderurgia e Metalurgia";"Artefatos de Ferro e Aço";8.0;"ON";32031600.0;40039500000.0;0.0;0.0;0.0;0.0;-99960000.0;0.0;0.0;0.0;""
"LFFE3";"LA FONTE TELECOM S/A - LA FONTE TELECOM S/A";"Telefonia Fixa";"Telefonia Fixa";311.0;"ON";1691220000.0;543800000.0;0.0;0.0;36.0;0.0;-431200000.0;0.0;0.0;0.0;""
"LIGH3";"LIGHT - LIGHT SERVIÇOS DE ELETRICIDADE SA";"Energia Elétrica";"Energia Elétrica";1666.0;"ON";37259700000.0;2236480000000.0;0.0;0.0;0.0;0.0;1096310000.0;0.0;0.0;0.0;""
"LINX3";"LINX - LINX S.A.";"Programas e Serviços";"Programas e Serviços";3053.0;"ON";50766200000.0;1662830000.0;455518000.0;0.0;1401.0;10153239980000.0;709080000.0;2.0;14318.892057;0.0;"Outros"
"LIPR3";"LIGHTPAR - LIGHT PARTICIPAÇÕES S.A. - LIGHTPAR";"Energia Elétrica";"Energia Elétrica";560.0;"ON";6588400000.0;117650000.0;118470.0;0.0;39802.0;8828456000000.0;381040000.0;134.0;23169.368045;0.0;"Centrais Elétricas Brasileiras S.A. – ELETROBRÁS"
"LIQO3";"LIQ - LIQ PARTICIPAÇÕES S.A.";"Serviços";"Serviços Diversos";8.0;"ON";88072000.0;110090000.0;4718920.0;0.0;0.0;0.0;-2948900000.0;0.0;0.0;0.0;""
"LIXC3";"LIX DA CUNHA - CONST LIX DA CUNHA SA";"Construção e Engenharia";"Construção Pesada";175.0;"ON";209878000.0;119930000.0;0.0;0.0;98.0;0.0;-80070000.0;0.0;0.0;0.0;""
"LLIS3";"LE LIS BLANC DEUX - LE LIS BLANC DEUX COM. CONF. ROUPAS S.A.";"Comércio";"Tecidos, Vestuário e Calçados";268.0;"ON";13829100000.0;516010000.0;1728980.0;0.0;9353.0;968034760000.0;4567820000.0;7.0;211.924892;0.0;"FUNDOS SOB GESTÃO DA WARBURG PINCUS"
"LOGN3";"Log-In - LOG-IN LOGISTICA INTERMODAL SA";"Transporte";"Transporte Hidroviário";77.0;"ON";2928690000.0;380350000.0;38507900.0;0.0;2313.0;0.0;-269370000.0;0.0;0.0;0.0;"Alaska Investimentos"
"LPSB3";"LOPES BRASIL - LPS BRASIL - CONSULTORIA DE IMOVEIS S.A.";"Construção e Engenharia";"Intermediação Imobiliária";592.0;"ON";7439250000.0;1256630000.0;23339500.0;0.0;477.0;0.0;-502780000.0;0.0;0.0;0.0;"Equity Engenharia e Empreendimentos Ltda."
"LUPA3";"LUPATECH - LUPATECH S.A.";"Máquinas e Equipamentos";"Motores, Compressores e Outros";19.0;"ON";308237000.0;162230000.0;4406270.0;0.0;0.0;0.0;-1067150000.0;0.0;0.0;0.0;"BNDES PARTICIPAÇÕES S/A BNDESPAR"
"LUXM3";"TREVISA INVESTIMENTOS SA - TREVISA  INVESTIMENTOS SA";"Transporte";"Transporte Hidroviário";100.0;"ON";519600000.0;51960000.0;0.0;0.0;65.0;0.0;94760000.0;0.0;0.0;0.0;"EL Participações S.A."
"MAGG3";"MAGNESITA REFRATÁRIOS - MAGNESITA REFRATÁRIOS S/A ";"Materiais Diversos";"Materiais Diversos";545.0;"ON";27271800000.0;500400000.0;166102000.0;0.0;1183.0;0.0;-247730000.0;0.0;0.0;0.0;"UV Gestora de Ativos Financeiros LTDA"
"MAGS3";"MAGNESITA S/A - MAGNESITA SA";"Materiais Diversos";"Materiais Diversos";6245.0;"ON";26569500000.0;425453000000.0;0.0;0.0;0.0;0.0;1084740000.0;0.0;0.0;0.0;""
"MAPT3";"CIA MARCOPOLO - CEMEPE INVESTIMENTOS SA";"Outros";"Outros";63.0;"ON";57897000.0;9190000.0;0.0;0.0;0.0;0.0;-1700000.0;0.0;0.0;0.0;"CEMISA PARTICIPAÇÕES LTDA"
"MARI3";"Marisa - MARISA SA";"Comércio";"Tecidos, Vestuário e Calçados";293.0;"ON";5405940000.0;1845030000.0;0.0;0.0;0.0;0.0;1776060000.0;0.0;0.0;0.0;""
"MDIA3";"M.DIASBRANCO - M.DIAS BRANCO S.A. IND COM DE ALIMENTOS";"Alimentos";"Alimentos Diversos";4331.0;"ON";146821000000.0;3390000000.0;227303000.0;0.0;6726.0;0.0;7854410000.0;0.0;0.0;0.0;"Dibra Fundo de Investimento em Participações"
"MEAL3";"IMC S/A - INTERNATIONAL MEAL COMPANY ALIMENTACAO S.A.";"Hoteis e Restaurantes";"Restaurante e Similares";699.0;"ON";11640600000.0;1665320000.0;67212300.0;0.0;54.0;0.0;-65410000.0;1.0;0.0;0.0;""
"MEDI3";"MEDIAL SAUDE - MEDIAL SAUDE S.A.";"Saúde";"Serviços Médico - Hospitalares, Análises e Diagnósticos";1155.0;"ON";8054970000.0;697400000.0;0.0;0.0;0.0;0.0;-1071090000.0;0.0;0.0;0.0;""
"MERC3";"MERCANTIL BRASIL - MERCANTIL DO BR FINC SA CFI";"Financeiros";"Soc. Crédito e Financiamento";508.0;"ON";914908000.0;180100000.0;0.0;0.0;57.0;0.0;166960000.0;0.0;0.0;0.0;"BANCO MERCANTIL DO BRASIL S.A."
"MGEL3";"MANGELS - MANGELS INDUSTRIAL SA";"Siderurgia e Metalurgia";"Artefatos de Ferro e Aço";250.0;"ON";1445800000.0;57832100.0;0.0;0.0;0.0;0.0;-240765000.0;0.0;0.0;0.0;"Yukon Fundo de Investimento de Ações"
"MGLU3";"MAGAZ LUIZA - MAGAZINE LUIZA S.A.";"Comércio";"Eletrodomésticos";18276.0;"ON";348324000000.0;1905910000.0;2254790000.0;0.0;2645.0;34832411160000.004;5734040000.0;1.0;6074.671813;0.0;"AcoesTesouraria"
"MILK33";"Laep DR3 - LAEP INVESTMENTS LTD.";"Alimentos";"Laticínios";3.0;"PN";124950000.0;416500000.0;0.0;0.0;0.0;0.0;-8524900000.0;0.0;0.0;0.0;""
"MILS3";"MILLS - MILLS ESTRUTURAS E SERVIÇOS DE ENGENHARIA S.A.";"";"";0.0;"";0.0;0.0;0.0;0.0;273.0;0.0;0.0;0.0;0.0;0.0;"Andres Cristian Nacht"
"MLFT3";"JEREISSATI PARTICIPACOES - JEREISSATI PARTICIPACOES";"Telefonia Fixa";"Telefonia Fixa";450.0;"ON";39550000000.0;878890000.0;0.0;0.0;1495.0;0.0;1025880000.0;0.0;0.0;0.0;""
"MLPA3";"MELHORAMENTOS PAPEIS - MELPAPER SA";"Madeira e Papel";"Papel e Celulose";0.0;"ON";0.0;46920000.0;0.0;0.0;0.0;0.0;201170000.0;0.0;0.0;0.0;""
"MMAQ3";"MINASMÁQUINAS S/A - MINASMAQUINAS SA";"Comércio";"Material de Transporte";0.0;"ON";0.0;450000.0;0.0;0.0;219317.0;0.0;156010000.0;0.0;0.0;0.0;"Bebece – Planejamento, Consultoria e Empreendimentos Ltda."
"MMXM3";"MMX MINER - MMX MINERAÇÃO E METÁLICOS S.A.";"Mineração";"Minerais Metálicos";217.0;"ON";140790000.0;64880000.0;303000.0;0.0;0.0;0.0;-808300000.0;0.0;0.0;0.0;"Centennial Asset Brazilian Equity Fund LLC"
"MNDL3";"MUNDIAL S/A - MUNDIAL S/A - PRODUTOS DE CONSUMO ";"Tecidos, Vestuário e Calçados";"Acessórios";265.0;"ON";657200000.0;24800000.0;125270.0;0.0;1057.0;0.0;-445320000.0;0.0;0.0;0.0;"Zhepar Participações lTDA"
"MNPR3";"MINUPAR - MINUPAR PARTICIPACOES SA";"Alimentos";"Carnes e Derivados";228.0;"ON";161880000.0;71000000.0;163710.0;0.0;5.0;0.0;-259060000.0;0.0;0.0;0.0;"ANDRE CHAO VASCONCELLOS DE OLIVEIRA"
"MNSA3";"MANASA - MANASA MADEIREIRA NACIONAL SA";"";"";42.0;"ON";0.0;0.0;0.0;0.0;0.0;0.0;-132660000.0;0.0;0.0;0.0;""
"MOAR3";"MONTEIRO ARANHA - MONTEIRO ARANHA SA";"";"";0.0;"";0.0;0.0;0.0;0.0;2612.0;0.0;0.0;0.0;0.0;0.0;"Olavo Egydio Monteiro de Carvalho"
"MOVI3";"MOVIDA - MOVIDA PARTICIPACOES SA";"";"";0.0;"";0.0;0.0;0.0;0.0;37.0;0.0;0.0;0.0;0.0;0.0;""
"MPLU3";"MULTIPLUS - Multiplus S.A.";"";"";0.0;"";0.0;0.0;0.0;0.0;4115.0;0.0;0.0;0.0;0.0;0.0;"AcoesTesouraria"
"MRFG3";"Marfrig - MARFRIG FRIGORIFICOS E COM DE ALIM S.A.";"Alimentos";"Carnes e Derivados";534.0;"ON";33176300000.0;6212800000.0;178550000.0;0.0;14.0;0.0;-8423260000.0;0.0;0.0;0.0;"Brandes Investment Partners, L.P."
"MRSL3";"MARISOL - MARISOL SA";"Tecidos, Vestuário e Calçados";"Vestuário";33.0;"ON";3704380000.0;1122540000.0;0.0;0.0;0.0;0.0;361280000.0;0.0;0.0;0.0;""
"MSAN3";"BUNGE BRASIL S.A. - BUNGE BRASIL SA";"";"";644.0;"ON";0.0;0.0;0.0;0.0;0.0;0.0;2990680000.0;0.0;0.0;0.0;""
"MSPA3";"MELHORAMENTOS - COMPANHIA  MELHORAMENTOS DE SÃO PAULO";"Madeira e Papel";"Papel e Celulose";480.0;"ON";3074400000.0;64050000.0;10290.0;0.0;23.0;0.0;-185860000.0;107.0;0.0;0.0;"ETROS PARTICIPACOES EIRELI"
"MTBR3";"WHIRLPOOL S.A. - WHIRLPOOL S.A.";"Utilidades Domésticas";"Eletrodomésticos";99.0;"ON";14877600000.0;15027900000.0;0.0;0.0;1258.0;0.0;3578040000.0;0.0;0.0;0.0;""
"MTIG3";"IGUAÇU - METALGRAFICA IGUACU SA";"Embalagens";"Embalagens";521.0;"ON";12556100.0;2410000.0;0.0;0.0;5.0;0.0;-13935200.0;0.0;0.0;0.0;"Merisa S.A. Engenharia e Planejamento"
"MWET3";"WETZEL S.A. - WETZEL S.A.";"Material de Transporte";"Material Rodoviário";702.0;"ON";144472000.0;20580000.0;0.0;0.0;0.0;0.0;-14220000.0;0.0;0.0;0.0;"CWS Participações S.A."
"MYPK3";"IOCHPE-MAXION - IOCHPE-MAXION SA";"Material de Transporte";"Material Rodoviário";224.0;"ON";33728800000.0;1505750000.0;199555000.0;0.0;367.0;14503384000000.0;1364530000.0;43.0;10628.849494;0.0;"IBI Participações e Negócios S.A."
"NAFG3";"NADIR FIGUEIREDO - NADIR FIGUEIREDO IND E COM SA";"Utilidades Domésticas";"Utensílios Domésticos";3711.0;"ON";5039170000.0;135790000.0;0.0;0.0;3241.0;1511750070000.0;785260000.0;3.0;1925.158635;0.0;"EMVIDRO REPRESENTACOES LTDA"
"NATU3";"NATURA COSMETICOS SA - NATURA COSMETICOS SA";"";"";0.0;"";0.0;0.0;0.0;0.0;2991.0;0.0;0.0;0.0;0.0;0.0;"Guilherme Ruggiero Passos"
"NETC3";"NET SERVIÇOS DE COMUNICAÇÃO S.A. - NET SERVIÇOS DE COMUNICAÇÃO S.A.";"Mídia";"Televisão por Assinatura";385.0;"ON";144268000000.0;3747220000.0;0.0;0.0;0.0;0.0;1171980000.0;0.0;0.0;0.0;""
"NORD3";"NORDON INDS METALURGICAS SA - NORDON INDS METALURGICAS SA";"Máquinas e Equipamentos";"Máqs. e Equips. Industriais";137.0;"ON";90707700.0;66210000.0;130.0;0.0;0.0;0.0;-31930000.0;0.0;0.0;0.0;"Pylon Investments Ltd"
"NUTR3";"NUTRIPLANT - NUTRIPLANT INDÚSTRIA E COMÉRCIO S/A";"Químicos";"Fertilizantes e Defensivos";300.0;"ON";38400000.0;1280000.0;76610.0;0.0;0.0;0.0;-40620000.0;0.0;0.0;0.0;"Tripto Participações Ltda"
"ODPV3";"ODONTOPREV - ODONTOPREV S.A.";"Saúde";"Serviços Médico - Hospitalares, Análises e Diagnósticos";1374.0;"ON";72999900000.0;5312950000.0;371576000.0;0.0;528.0;29199973200000.004;3236260000.0;4.0;9022.75256;0.0;"Bradesco Saúde S/A"
"OFSA3";"OUROFINO S/A - OURO FINO SAUDE ANIMAL PARTICIPACOES S.A.";"Saúde";"Medicamentos e Outros Produtos";329.0;"ON";17749200000.0;539490000.0;6072310.0;0.0;1027.0;532476630000.0;723810000.0;3.0;735.658018;0.0;""
"OGXP3";"OGX - ÓLEO E GÁS PARTICIPAÇÕES S.A.";"Petróleo, Gás e Biocombustíveis";"Exploração e/ou Refino e Distribuição";146.0;"ON";472458000.0;323602000.0;2165070.0;0.0;0.0;0.0;0.0;0.0;0.0;0.0;"Centennial Asset Mining Fund LLC"
"OMGE3";"OMEGA GER - OMEGA GERAÇÃO S.A.";"Energia Elétrica";"Energia Elétrica";1621.0;"ON";19095400000.0;1178000000.0;33036200.0;0.0;907.0;11457228000000.0;993020000.0;6.0;11537.761576;0.0;""
"OSXB3";"OSX BRASIL - OSX BRASIL S.A.";"Petróleo, Gás e Biocombustíveis";"Máquinas e Equipamentos";375.0;"ON";118050000.0;31480000.0;274470.0;0.0;0.0;0.0;7515810000.0;0.0;0.0;0.0;"Teórica Gestora de Recursos Ltda."
"PALF3";"CPFL - COMPANHIA PAULISTA DE FORCA LUZ - CPFL";"";"";2799.0;"ON";2464950000.0;8806530000.0;0.0;0.0;0.0;0.0;6058440000.0;0.0;0.0;0.0;""
"PARC3";"WIZ S.A. - WIZ SOLUÇÕES E CORRETAGEM DE SEGUROS S.A.";"";"";0.0;"";0.0;0.0;0.0;0.0;0.0;0.0;0.0;0.0;0.0;0.0;""
"PDGR3";"PDG REALT - PDG REALTY S.A. EMPREEND E PARTICIPACOES";"Construção e Engenharia";"Construção Civil";73.0;"ON";588891000.0;806700000.0;122708000.0;0.0;1484.0;0.0;5715310000.0;0.0;0.0;0.0;"Vinci Capital Partners II"
"PEAB3";"CIA. DE PARTICIPAÇÕES ALIANÇA DA BAHIA - CIA DE PARTICIPAÇÕES ALIANÇA DA BAHIA";"Previdência e Seguros";"Seguradoras";372.0;"ON";4780200000.0;128500000.0;97090.0;0.0;31346.0;4015368000000.0;304980000.0;84.0;13166.004328;0.0;"PATRIMONIAL MUNDO NOVO LTDA"
"PEFX3";"PETROFLEX INDÚSTRIA E COMÉRCIO S.A - PETROFLEX INDÚSTRIA E COMÉRCIO S.A.";"Químicos";"Petroquímicos";190.0;"ON";6686100000.0;351900000.0;0.0;0.0;0.0;0.0;-128470000.0;0.0;0.0;0.0;""
"PFRM3";"PROFARMA - PROFARMA DISTRIB PROD FARMACEUTICOS S.A.";"";"";0.0;"";0.0;0.0;0.0;0.0;1334.0;0.0;0.0;0.0;0.0;0.0;"BMK Participações S/A"
"PINE3";"Pine - BANCO PINE S/A";"Financeiros";"Bancos";0.0;"ON";0.0;1211720000.0;0.0;0.0;0.0;0.0;173150000.0;0.0;0.0;0.0;"DEG-DEUTSCHE INVESTITIONS - UND ENTWICKLUNGSGESELLSCHAFT MBH"
"PLAS3";"PLASCAR PARTICIPAÇÕES INDUSTRIAIS S.A - PLASCAR PARTICIPAÇÕES INDUSTRIAIS S.A";"Material de Transporte";"Material Rodoviário";85.0;"ON";422450000.0;49700000.0;70080.0;0.0;153.0;0.0;-951360000.0;0.0;0.0;0.0;"Postalis Inst. Seguridade Social dos Correios e Telegraf."
"PMAM3";"PARANAPANEMA S.A. - PARANAPANEMA SA";"";"";0.0;"";0.0;0.0;0.0;0.0;758.0;0.0;0.0;0.0;0.0;0.0;""
"PMET3";"PRO METALURG - PRÓ METALURGIA S.A.";"Viagens e Lazer";"Bicicletas";0.0;"ON";0.0;724100000000.0;0.0;0.0;0.0;0.0;-119280000.0;0.0;0.0;0.0;""
"PNVL3";"PANVEL FARMÁCIAS - DIMED SA DISTRIBUIDORA DE MEDICAMENTOS";"Comércio e Distribuição";"Medicamentos";31699.0;"ON";14397700000.0;45420000.0;1222340.0;0.0;1849.0;11518148640000.0;645740000.0;8.0;17837.130486;0.0;"GF GESTÃO DE RECURSOS LTDA"
"POMO3";"MARCOPOLO - MARCOPOLO SA";"Material de Transporte";"Material Rodoviário";319.0;"ON";29513800000.0;9251960000.0;2976300.0;0.0;21.0;35416502880000.0;1532200000.0;12.0;23114.804125;0.0;"T.ROWE PRICE ASSOCIATES"
"POSI3";"POSITIVO INF - POSITIVO INFORMATICA S.A.";"Computadores e Equipamentos";"Computadores e Equipamentos";222.0;"ON";1949160000.0;878000000.0;3148100.0;0.0;257.0;0.0;-435870000.0;0.0;0.0;0.0;"Isabela Cesar Formighieri"
"PQUN3";"PETROQUIMICA UNIAO S.A. - PETROQUIMICA UNIAO SA";"Químicos";"Petroquímicos";1544.0;"ON";16173900000.0;1047530000.0;0.0;0.0;0.0;0.0;155050000.0;0.0;0.0;0.0;""
"PRBC3";"Parana - PARANA BANCO S.A.";"Financeiros";"Bancos";0.0;"ON";0.0;814441000.0;0.0;0.0;0.0;0.0;2055300000.0;0.0;0.0;0.0;""
"PRIO3";"PETRORIO - PETRO RIO S.A.";"Petróleo, Gás e Biocombustíveis";"Exploração e/ou Refino e Distribuição";9893.0;"ON";13194300000.0;133370000.0;83718300.0;0.0;0.0;0.0;1280560000.0;0.0;0.0;0.0;""
"PRML3";"PRUMO - PRUMO LOGÍSTICA S.A.";"Transporte";"Serviços de Apoio e Armazenagem";1152.0;"ON";43317200000.0;3760170000.0;0.0;0.0;0.0;0.0;-9832020000.0;0.0;0.0;0.0;""
"PRTX3";"PORTX - CENTENNIAL ASSET PARTICIP. SUDESTE S.A.";"Transporte";"Serviços de Apoio e Armazenagem";277.0;"ON";27491000000.0;9924560000.0;0.0;0.0;0.0;0.0;-851960000.0;0.0;0.0;0.0;""
"PRVI3";"Providencia - COMPANHIA PROVIDENCIA IND E COMERCIO";"Materiais Diversos";"Materiais Diversos";1054.0;"ON";8451500000.0;801850000.0;0.0;0.0;2243.0;0.0;-719930000.0;0.0;0.0;0.0;""
"PTBL3";"PORTOBELLO S/A - PORTOBELLO S/A";"Construção e Engenharia";"Materiais de Construção";493.0;"ON";7813510000.0;1584890000.0;22835200.0;0.0;189.0;3125403080000.0;319690000.0;4.0;9776.355469;0.0;"César Gomes Júnior"
"PTIP3";"IPIRANGA PETROQUIMICA SA - IPIRANGA PETROQUIMICA SA";"Petróleo, Gás e Biocombustíveis";"Distribuição de Combustíveis";220.0;"ON";0.0;0.0;0.0;0.0;0.0;0.0;1898540000.0;0.0;0.0;0.0;""
"PTNT3";"PETTENATI - PETTENATI SA IND TEXTIL";"Tecidos, Vestuário e Calçados";"Fios e Tecidos";70.0;"ON";3363250000.0;480465000.0;0.0;0.0;1249.0;706283550000.0;203756000.0;21.0;3466.320256;0.0;""
"PTPA3";"PETROPAR SA - PETROPAR SA";"Embalagens";"Embalagens";765.0;"ON";13683600000.0;178870000.0;0.0;0.0;5591.0;0.0;3707520000.0;0.0;0.0;0.0;""
"QGEP3";"QGEP PART - QGEP PARTICIPAÇÕES S.A.";"Petróleo, Gás e Biocombustíveis";"Exploração e/ou Refino e Distribuição";958.0;"ON";25464300000.0;2658070000.0;100265000.0;0.0;0.0;40742896960000.0;4929570000.0;16.0;8265.000185;0.0;"Administradores"
"RADL3";"RAIADROGASIL - RAIA DROGASIL S.A.";"Comércio e Distribuição";"Medicamentos";591.0;"ON";195258000000.0;3303860000.0;919808000.0;0.0;179.0;15620650080000.0;5191250000.0;8.0;3009.034448;0.0;"Alexande de Zagottis"
"RAIA3";"RAIA - RAIA S.A.";"Comércio e Distribuição";"Medicamentos";305.0;"ON";18914600000.0;620150000.0;0.0;0.0;0.0;0.0;458910000.0;0.0;0.0;0.0;""
"RAIL3";"ALL - AMÉRICA LATINA LOGÍSTICA S/A - ALL AMERICA LATINA LOGISTICA SA";"Transporte";"Transporte Ferroviário";1641.0;"ON";255835000000.0;15590200000.0;1517480000.0;0.0;0.0;0.0;746890000.0;0.0;0.0;0.0;""
"RANI3";"CELULOSE IRANI - CELULOSE IRANI SA";"Madeira e Papel";"Papel e Celulose";295.0;"ON";4918250000.0;1667200000.0;458700.0;0.0;247.0;0.0;-763790000.0;0.0;0.0;0.0;"Irani Participações S.A."
"RAPT3";"RANDON S.A. IMPLEMENTOS E PARTICIPAÇÕES - RANDON S.A. IMPLEMENTOS E PARTICIPAÇÕES";"Material de Transporte";"Material Rodoviário";625.0;"ON";21611000000.0;3457760000.0;303850.0;0.0;56.0;34577600000000.0;1198590000.0;16.0;28848.563729;0.0;"FUNDOS ADMINISTRADOS PELO CREDIT SUISSE - HEDGING GRIFFO - CSHG"
"RCTB31";"TELEBRAS - TELEC. BRASILEIRAS S.A. - TELEBRÁS";"Outros";"Outros";410.0;"PN";20338000.0;496050000.0;0.0;0.0;0.0;0.0;621750000.0;0.0;0.0;0.0;""
"RCTB33";"TELEBRAS - TELEC. BRASILEIRAS S.A. - TELEBRÁS";"Outros";"Outros";570.0;"PN";28274800.0;496050000.0;0.0;0.0;0.0;0.0;621750000.0;0.0;0.0;0.0;""
"RDCD3";"Redecard - REDECARD S.A.";"Serviços Financeiros Diversos";"Serviços Financeiros Diversos";3516.0;"ON";236617000000.0;6729710000.0;0.0;0.0;0.0;0.0;15698000000.0;0.0;0.0;0.0;""
"RDNI3";"RODOBENSIMOB - RODOBENS NEGOCIOS IMOBILIARIOS S.A.";"Construção e Engenharia";"Construção Civil";546.0;"ON";2389840000.0;437700000.0;1084810.0;0.0;237.0;0.0;-373780000.0;0.0;0.0;0.0;"Kinea Investimentos"
"RDTR3";"REDENTOR - REDENTOR ENERGIA S.A.";"Equipamentos Elétricos";"Equipamentos Elétricos";63.0;"ON";6834300000.0;1084810000.0;0.0;0.0;1897.0;0.0;842800000.0;0.0;0.0;0.0;""
"REDE3";"REDE EMPRESAS DE ENERGIA ELÉTRICA S.A. - REDE EMPRESAS DE ENERGIA ELÉTRICA S.A.";"Energia Elétrica";"Energia Elétrica";688.0;"ON";141582000000.0;20578700000.0;178540.0;0.0;128.0;28316291200000.0;3501810000.0;2.0;8086.1872;0.0;""
"REPA3";"ELECTROLUX - ELECTROLUX DO BRASIL SA";"";"";10.0;"ON";0.0;0.0;0.0;0.0;0.0;0.0;72430000.0;0.0;0.0;0.0;""
"RGEG3";"RGE - RIO GRANDE ENERGIA - RIO GRANDE ENERGIA SA";"Energia Elétrica";"Energia Elétrica";30.0;"ON";30593700000.0;10197900000.0;0.0;0.0;0.0;0.0;2279460000.0;0.0;0.0;0.0;""
"RHDS3";"M G POLIEST - M G POLIESTER S.A.";"Químicos";"Petroquímicos";11.0;"ON";8827460000.0;80249600000.0;0.0;0.0;0.0;0.0;220800000.0;0.0;0.0;0.0;""
"RIPI3";"REFINARIA DE PETRÓLEO IPIRANGA SA - REFINARIA PET IPIRANGA SA";"Petróleo, Gás e Biocombustíveis";"Exploração e/ou Refino e Distribuição";4801.0;"ON";14211000000.0;296000000.0;0.0;0.0;0.0;0.0;1264950000.0;0.0;0.0;0.0;""
"RJCP3";"RJCP EQUITY - RJCP EQUITY S.A.";"Financeiros";"Outros Intermediários Financeiros";1.0;"ON";112107000.0;11210700000.0;0.0;0.0;0.0;0.0;-498920.0;0.0;0.0;0.0;""
"RLOG3";"COSAN LOG - COSAN LOGISTICA S.A.";"Transporte";"Transporte Ferroviário";1282.0;"ON";59385300000.0;4632240000.0;75177000.0;0.0;61.0;0.0;301250000.0;0.0;0.0;0.0;""
"RNAR3";"POMIFRUTAS - POMIFRUTAS S/A";"";"";0.0;"";0.0;0.0;0.0;0.0;0.0;0.0;0.0;0.0;0.0;0.0;""
"RNEW3";"RENOVA - RENOVA ENERGIA S.A.";"Energia Elétrica";"Energia Elétrica";71.0;"ON";2962120000.0;417200000.0;1189030.0;0.0;0.0;0.0;-14259600000.0;0.0;0.0;0.0;"RR Participações S.A"
"RNPT3";"RENNER PARTICIPAÇÕES S/A - RENNER PARTICIPAÇÕES SA";"Financeiros";"Bancos";3187.0;"ON";247311000.0;7760000.0;0.0;0.0;0.0;0.0;42990000.0;0.0;0.0;0.0;""
"ROMI3";"ROMI - INDS ROMI SA";"Máquinas e Equipamentos";"Máqs. e Equips. Industriais";825.0;"ON";5185780000.0;628580000.0;15941600.0;0.0;226.0;4667206500000.0;779050000.0;9.0;5990.894679;0.0;"André Luis Romi"
"RPAD3";"ALFA HOLDINGS - ALFA HOLDINGS SA";"Financeiros";"Bancos";235.0;"ON";1990030000.0;846820000.0;3680.0;0.0;4.0;0.0;0.0;0.0;0.0;0.0;"Administradora Fortaleza Ltda"
"RPMG3";"REFINARIA DE PETRÓLEOS DE MANGUINHOS S.A - REFINARIA PET MANGUINHOS SA";"Petróleo, Gás e Biocombustíveis";"Exploração e/ou Refino e Distribuição";31.0;"ON";2098450000.0;676920000.0;267030.0;0.0;209.0;0.0;2511910000.0;0.0;0.0;0.0;""
"RSID3";"ROSSI RESIDENCIAL - ROSSI RESIDENCIAL SA";"Construção e Engenharia";"Construção Civil";49.0;"ON";840513000.0;171533000.0;14056700.0;0.0;307.0;0.0;-2590380000.0;0.0;0.0;0.0;""
"RSIP3";"RASIP AGRO PASTORIL - RASIP AGRO PASTORIL SA";"Agropecuária";"Agricultura";44.0;"ON";880343000.0;2000780000.0;0.0;0.0;0.0;0.0;38790000.0;0.0;0.0;0.0;""
"RUMO3";"RUMO LOG - RUMO LOGISTICA OPERADORA MULTIMODAL S.A.";"";"";0.0;"";0.0;0.0;0.0;0.0;0.0;0.0;0.0;0.0;0.0;0.0;""
"SALM3";"SEARA ALIMENTOS - SEARA ALIMENTOS SA";"";"";57.0;"ON";0.0;0.0;0.0;0.0;0.0;0.0;928700000.0;0.0;0.0;0.0;""
"SASG3";"SUL AMERICA SEGUROS - SUL AMERICA CIA NACL SEGUROS";"Previdência e Seguros";"Seguradoras";98.0;"ON";20046200000.0;20455300000.0;0.0;0.0;0.0;0.0;0.0;0.0;0.0;0.0;""
"SCAR3";"SÃO CARLOS EMPREEND.E PARTICIPAÇÕES S.A. - SÃO CARLOS EMPREENDS E PARTICIPAÇÕES S.A";"Exploração de Imóveis";"Exploração de Imóveis";310.0;"ON";17898500000.0;577370000.0;1496720.0;0.0;3203.0;0.0;1201080000.0;0.0;0.0;0.0;"LTS Trading Company LLC"
"SCLO3";"SCHLOSSER TECIDOS - CIA INDL SCHLOSSER SA";"Tecidos, Vestuário e Calçados";"Fios e Tecidos";141.0;"ON";135360000.0;9600000.0;0.0;0.0;0.0;0.0;0.0;0.0;0.0;0.0;""
"SDIA3";"SADIA - SADIA SA";"Alimentos";"Carnes e Derivados";642.0;"ON";43203500000.0;6729510000.0;0.0;0.0;0.0;0.0;-27124700000.0;0.0;0.0;0.0;""
"SEBB3";"SEB - SISTEMA EDUCACIONAL BRASILEIRO S/A - SEB - SISTEMA EDUCACIONAL BRASILEIRO S/A";"Diversos";"Educacional";0.0;"ON";0.0;2826340000.0;0.0;0.0;0.0;0.0;335430000.0;0.0;0.0;0.0;""
"SEDU3";"SOMOS EDUCA - SOMOS EDUCAÇÃO S.A.";"Mídia";"Jornais, Livros e Revistas";2187.0;"ON";57327600000.0;2621290000.0;26714000.0;0.0;445.0;0.0;-1039360000.0;0.0;0.0;0.0;""
"SEMP3";"SEMP TOSHIBA - SEMP TOSHIBA SA";"Comércio";"Eletrodomésticos";1686.0;"ON";1616030000.0;95850000.0;0.0;0.0;0.0;0.0;-199120000.0;0.0;0.0;0.0;""
"SFSA3";"Sofisa - BANCO SOFISA SA";"Financeiros";"Bancos";0.0;"ON";0.0;1377470000.0;0.0;0.0;0.0;0.0;462530000.0;0.0;0.0;0.0;""
"SGAS3";"WLM - WLM INDÚSTRIA E COMÉRCIO S/A";"";"";0.0;"";0.0;0.0;0.0;0.0;0.0;0.0;0.0;0.0;0.0;0.0;""
"SGEN3";"SERGEN - SERGEN SERVS GERAIS DE ENG SA";"Construção e Engenharia";"Construção Civil";50.0;"ON";1213750000.0;242750000000.0;0.0;0.0;0.0;0.0;0.0;0.0;0.0;0.0;""
"SGPS3";"Springs - SPRINGS GLOBAL PARTICIPAÇÕES S/A";"Tecidos, Vestuário e Calçados";"Fios e Tecidos";679.0;"ON";3395000000.0;500000000.0;2972790.0;0.0;812.0;0.0;74150000.0;0.0;0.0;0.0;"LEBLON EQUITIES GESTÃO DE RECURSOS LTDA."
"SHOW3";"TIME FOR FUN - T4F Entretenimento S.A.";"Viagens e Lazer";"Produção de Eventos e Shows";711.0;"ON";4799320000.0;675010000.0;11340900.0;0.0;313.0;0.0;383720000.0;0.0;0.0;0.0;"AcoesTesouraria"
"SJOS3";"SÃO JOSÉ - FIACAO TECELAGEM SAO JOSE SA";"Tecidos, Vestuário e Calçados";"Fios e Tecidos";119.0;"ON";160650000.0;135000000.0;0.0;0.0;0.0;0.0;-19850000.0;0.0;0.0;0.0;""
"SLCE3";"SLC Agricola - SLC AGRICOLA SA";"Agropecuária";"Agricultura";4296.0;"ON";40939800000.0;952975000.0;383934000.0;0.0;2134.0;20469903000000.0;4834090000.0;5.0;4234.489428;0.0;"SLC PARTICIPAÇÕES S.A."
"SLCP3";"SULACAP - SUL AMERICA CAPITALIZACAO S.A.";"";"";61002.0;"ON";0.0;0.0;0.0;0.0;0.0;0.0;0.0;0.0;0.0;0.0;""
"SLED3";"EDITORA SARAIVA - SARAIVA SA LIVREIROS EDITORES";"Mídia";"Jornais, Livros e Revistas";218.0;"ON";582104000.0;267020000.0;194780.0;0.0;218.0;0.0;-1051540000.0;1.0;0.0;0.0;"GWI ASSET MANAGEMENT S.A."
"SMLE3";"SMILES - SMILES S.A.";"Diversos";"Programas de Fidelização";9282.0;"ON";114964000000.0;1238570000.0;0.0;0.0;41868.0;0.0;6089050000.0;0.0;0.0;0.0;""
"SMLS3";"SMILES - SMILES FIDELIDADE S.A.";"Diversos";"Programas de Fidelização";450.0;"ON";55803600000.0;1240080000.0;376415000.0;0.0;35368.0;46316988000000.0;6042710000.0;83.0;7664.936428;0.0;""
"SMTO3";"SAO MARTINHO - SAO MARTINHO S.A.";"";"";0.0;"";0.0;0.0;0.0;0.0;5131.0;0.0;0.0;0.0;0.0;0.0;"LJN Participações S.A."
"SOND3";"SONDOTECNICA S/A. - SONDOTECNICA ENGENHARIA DE SOLOS S/A.";"Construção e Engenharia";"Engenharia Consultiva";348.0;"ON";855384000.0;24580000.0;0.0;0.0;11589.0;282276720000.0;67000000.0;33.0;4213.085373;0.0;"AcoesTesouraria"
"SPRI3";"SPRINGER - SPRINGER SA";"Utilidades Domésticas";"Eletrodomésticos";721.0;"ON";182341000.0;25290000.0;4090.0;0.0;723.0;0.0;-56790000.0;0.0;0.0;0.0;"Riomar Comercial e Administradora"
"STBP3";"SBPAR - SANTOS BRASIL PARTICIPAÇÕES S.A.";"Transporte";"Serviços de Apoio e Armazenagem";403.0;"ON";26852600000.0;6663180000.0;59700800.0;0.0;3.0;2685261540000.0;196140000.0;1.0;13690.535026;0.0;"Ascesefundo de Investimento em Ações"
"STLB3";"VITALYZE.ME - VITALYZE.ME SAUDE E TECNOLOGIA S.A.";"";"";0.0;"";0.0;0.0;0.0;0.0;0.0;0.0;0.0;0.0;0.0;0.0;""
"SUBA3";" - SUBMARINO S/A";"";"";840.0;"ON";44502300000.0;529790000.0;0.0;0.0;0.0;0.0;718360000.0;0.0;0.0;0.0;""
"SULT3";"CONSTRUTORA SULTEPA S/A - CONST SULTEPA SA";"Construção e Engenharia";"Construção Pesada";56.0;"ON";70560000.0;126000000.0;0.0;0.0;3956.0;0.0;418470000.0;0.0;0.0;0.0;""
"SUZB3";"Suzano Papel - SUZANO PAPEL E CELULOSE S.A.";"Madeira e Papel";"Papel e Celulose";388.0;"ON";429061000000.0;11058300000.0;2106060000.0;0.0;1922.0;0.0;-7863440000.0;5.0;0.0;0.0;"Outros Administradores"
"SWET3";"VITALYZE.ME - VITALYZE.ME SAUDE E TECNOLOGIA S.A.";"";"";0.0;"";0.0;0.0;0.0;0.0;0.0;0.0;0.0;0.0;0.0;0.0;""
"TAMM3";"TAM - TAM S.A.";"Transporte";"Transporte Aéreo";526.0;"ON";82344200000.0;1565480000.0;0.0;0.0;0.0;0.0;-3630030000.0;0.0;0.0;0.0;""
"TBLE3";"	ENGIE BRASIL - ENGIE BRASIL ENERGIA S.A.";"";"";0.0;"";0.0;0.0;0.0;0.0;0.0;0.0;0.0;0.0;0.0;0.0;""
"TCNO3";"TECNOSOLO S/A - TECNOSOLO S/A";"Construção e Engenharia";"Engenharia Consultiva";155.0;"ON";102610000.0;66200000.0;231010.0;0.0;9.0;0.0;-127590000.0;0.0;0.0;0.0;""
"TCOC3";"TELE CENTRO OESTE CELULAR PARTICIP. S/A - TCO CELULAR PARTICIPAÇÕES  S/A";"";"";3885.0;"ON";50531400000.0;1300680000.0;0.0;0.0;0.0;0.0;3391460000.0;0.0;0.0;0.0;""
"TCSA3";"TECNISA - TECNISA S.A.";"Construção e Engenharia";"Construção Civil";135.0;"ON";4471090000.0;3311920000.0;39957600.0;0.0;1614.0;0.0;-3880740000.0;0.0;0.0;0.0;"Lilian Raquel Czeresnia Nigri"
"TDBH3";"TELEFÔNICA EMPRESAS S.A - TELEFONICA DATA BRASIL HOLDING SA";"";"";56.0;"ON";5998460000.0;10711500000000.0;0.0;0.0;0.0;0.0;-379440000.0;0.0;0.0;0.0;""
"TECN3";"TECHNOS - TECHNOS S.A.";"Tecidos, Vestuário e Calçados";"Acessórios";249.0;"ON";1954800000.0;785060000.0;2776380.0;0.0;486.0;0.0;32400000.0;0.0;0.0;0.0;"AcoesTesouraria"
"TEKA3";"TEKA S.A. - TEKA TECELAGEM KUEHNRICH SA";"Tecidos, Vestuário e Calçados";"Fios e Tecidos";877.0;"ON";44113100.0;5030000.0;1880.0;0.0;498.0;0.0;-1825270000.0;0.0;0.0;0.0;"CELL PARTICIPAÇÕES E ADMINISTRAÇÃO LTDA"
"TELB3";"TELEBRAS - TELEC. BRASILEIRAS S.A. - TELEBRÁS";"Outros";"Outros";2812.0;"ON";13948900000.0;496050000.0;16280.0;0.0;12.0;0.0;621750000.0;0.0;0.0;0.0;"Financiadora de Estudos e Projetos FINEP"
"TEMP3";"TEMPO PART - TEMPO PARTICIPACOES";"Saúde";"Serviços Médico - Hospitalares, Análises e Diagnósticos";415.0;"ON";6680710000.0;1609810000.0;0.0;0.0;2622.0;0.0;573810000.0;0.0;0.0;0.0;""
"TEND3";"Tenda - CONSTRUTORA TENDA S/A";"Construção e Engenharia";"Construção Civil";3023.0;"ON";16376200000.0;541720000.0;166089000.0;0.0;0.0;0.0;1885090000.0;0.0;0.0;0.0;"Ações em tesouraria"
"TERI3";"TEREOS - TEREOS INTERNACIONAL S.A.";"Alimentos";"Alimentos Diversos";6428.0;"ON";10512400000.0;163540000.0;0.0;0.0;202.0;0.0;-1190000000.0;0.0;0.0;0.0;""
"TESA3";"TERRA SANTA - TERRA SANTA AGRO S.A.";"Agropecuária";"Agricultura";1218.0;"ON";2181930000.0;179140000.0;5056160.0;0.0;0.0;0.0;226080000.0;0.0;0.0;0.0;""
"TGMA3";"Tegma - TEGMA GESTÃO LOGÍSTICA SA";"Transporte";"Transporte Rodoviário";2674.0;"ON";17649200000.0;660030000.0;86079800.0;0.0;2399.0;75891569460000.0;1322560000.0;43.0;57382.326291;0.0;"Maria Thereza Moreira Franco"
"TIBR3";"CRISTAL - CRISTAL PIGMENTOS DO BRASIL S.A.";"";"";0.0;"";0.0;0.0;0.0;0.0;0.0;0.0;0.0;0.0;0.0;0.0;""
"TIET3";"AES TIETE E - AES TIETE ENERGIA SA";"Energia Elétrica";"Energia Elétrica";20.0;"ON";39347700000.0;19673800000.0;1372110.0;0.0;527.0;30691128000000.0;2264400000.0;78.0;13553.757287;0.0;""
"TLCP3";"TELE LESTE CELULAR PARTICIPAÇÕES SA - TELE LESTE CELULAR PARTICIPAÇÕES SA";"";"";480.0;"ON";4629120000.0;96440000.0;0.0;0.0;0.0;0.0;-921490000.0;0.0;0.0;0.0;""
"TMAR3";"TELEMAR - TELEMAR NORTE LESTE SA";"Telefonia Fixa";"Telefonia Fixa";620.0;"ON";213588000000.0;3444970000.0;0.0;0.0;0.0;0.0;1285450000.0;0.0;0.0;0.0;""
"TMCP3";"TELEMIG CELULAR PARTICIPAÇÕES S.A. - TELEMIG CELULAR PARTICIPAÇÕES S.A.";"Telefonia Móvel";"Telefonia Móvel";560.0;"ON";24865100000.0;444020000.0;0.0;0.0;0.0;0.0;1338380000.0;0.0;0.0;0.0;""
"TMGC13";"TELEMIG CELULAR - TELEMIG CELULAR SA";"Telefonia Móvel";"Telefonia Móvel";96614.0;"PN";22916800000.0;23720000.0;0.0;0.0;0.0;0.0;1496970000.0;0.0;0.0;0.0;""
"TMGC3";"TELEMIG CELULAR - TELEMIG CELULAR SA";"Telefonia Móvel";"Telefonia Móvel";15000.0;"ON";35580000000.0;23720000.0;0.0;0.0;0.0;0.0;1496970000.0;0.0;0.0;0.0;""
"TNCP3";"AMAZÔNIA CELULAR - TELE NORTE CELULAR PARTICIPAÇÕES SA";"Telefonia Móvel";"Telefonia Móvel";18485.0;"ON";330192000000.0;1786270000.0;0.0;0.0;0.0;0.0;22623800000.0;0.0;0.0;0.0;""
"TNEP3";"TELE NORDESTE CELULAR PARTICIPAÇÕES S.A. - TELE NORDESTE CELULAR PARTICIPAÇÕES SA";"";"";301.0;"ON";0.0;0.0;0.0;0.0;0.0;0.0;2177380000.0;0.0;0.0;0.0;""
"TNLP3";"TELEMAR - TELE NORTE LESTE PARTICIPAÇÕES SA";"Telefonia Fixa";"Telefonia Fixa";2775.0;"ON";132273000000.0;4766610000.0;0.0;0.0;0.0;0.0;3738020000.0;0.0;0.0;0.0;""
"TOYB3";"TEC TOY - TEC TOY S/A";"Viagens e Lazer";"Brinquedos e Jogos";183.0;"ON";550171000.0;300640000.0;64030.0;0.0;0.0;0.0;-114660000.0;0.0;0.0;0.0;"Stefano Adolfo Prado Arnhold"
"TPIS3";"TRIUNFO PARTICIPACOES SA - TRIUNFO PARTICIPACOES E INVESTIMENTOS SA";"Transporte";"Exploração de Rodovias";16.0;"ON";2816000000.0;1760000000.0;10203200.0;0.0;1946.0;3435520000000.0;7423490000.0;122.0;462.790413;0.0;"Vinci Equities Gestora de Recursos Ltda"
"TPRC3";"TIM PARTICIPAÇÕES S.A. - TIM PARTICIPAÇÕES S.A.";"Telefonia Móvel";"Telefonia Móvel";1135.0;"ON";2747870000.0;24210300000.0;0.0;0.0;1936.0;0.0;25173200000.0;0.0;0.0;0.0;""
"TRFO3";"TRAFO - TRAFO EQUIPAMENTOS ELETRICOS S.A.";"Equipamentos Elétricos";"Equipamentos Elétricos";453.0;"ON";1965020000.0;433780000.0;0.0;0.0;0.0;0.0;190480000.0;0.0;0.0;0.0;""
"TRIS3";"Trisul - TRISUL S/A";"Construção e Engenharia";"Construção Civil";413.0;"ON";6034670000.0;1461180000.0;18997800.0;0.0;838.0;1206934680000.0;717480000.0;2.0;1682.185817;0.0;"Trisul Participações S.A."
"TROR3";"TRORION - TRORION SA";"Materiais Diversos";"Materiais Diversos";263.0;"ON";142020000.0;54000000.0;0.0;0.0;0.0;0.0;-4142810000.0;0.0;0.0;0.0;""
"TRPN3";"TARPON INV - TARPON INVESTIMENTOS S.A.";"Holdings Diversificadas";"Holdings Diversificadas";213.0;"ON";964890000.0;453000000.0;824940.0;0.0;534.0;2315736000000.0;19778600.0;24.0;117082.907789;0.0;"Mangue ParticipaÃ§Ãµes Ltda."
"TSEP3";"TELE SUDESTE CELULAR PART SA - TELE SUDESTE CELULAR PARTICIPAÇÕES SA";"";"";400.0;"ON";36732400000.0;918310000.0;0.0;0.0;0.0;0.0;1111500000.0;0.0;0.0;0.0;""
"TSPP3";"VIVO PARTICIPAÇÕES - VIVO PARTICIPAÇÕES S/A";"Telefonia Móvel";"Telefonia Móvel";126.0;"ON";50490000000.0;4007140000.0;0.0;0.0;0.0;0.0;29334800000.0;0.0;0.0;0.0;""
"TUPY3";"TUPY - TUPY SA";"";"";0.0;"";0.0;0.0;0.0;0.0;3468.0;0.0;0.0;0.0;0.0;0.0;"Telos Fundação Embratel de Seguridade Social"
"TVIT3";"TIVIT - TIVIT TERC. DE PROC., SERV. E TEC. S.A.";"Programas e Serviços";"Programas e Serviços";193.0;"ON";17175100000.0;889900000.0;0.0;0.0;0.0;0.0;732140000.0;0.0;0.0;0.0;""
"TXRX3";"RENAUX - TEXTIL RENAUXVIEW S.A.";"Tecidos, Vestuário e Calçados";"Fios e Tecidos";33.0;"ON";140547000.0;42590000.0;2220.0;0.0;0.0;0.0;-538010000.0;0.0;0.0;0.0;"D & D ADMINISTRADORA DE BENS LTDA"
"UBBR3";"UNIBANCO SA - UNIBANCO UNIAO BANCOS BRAS SA";"Financeiros";"Bancos";180.0;"ON";492195000000.0;27344200000.0;0.0;0.0;0.0;0.0;335600000.0;0.0;0.0;0.0;""
"UCAS3";"UNICASA - UNICASA INDÚSTRIA DE MÓVEIS S.A.";"Utilidades Domésticas";"Móveis";281.0;"ON";1857020000.0;660860000.0;2964260.0;0.0;3943.0;0.0;-30140000.0;0.0;0.0;0.0;"UV Gestora de Ativos Financeiros Ltda"
"USIM3";"USIMINAS - USINAS SIDERURGICAS DE MINAS GERAIS SA";"Siderurgia e Metalurgia";"Siderurgia";1138.0;"ON";142600000000.0;12530800000.0;2462490.0;0.0;432.0;57040201599999.99;3219410000.0;4.0;17717.594715;0.0;"Ternium Investiments S.àr.l"
"VAGR3";"TERRA SANTA - TERRA SANTA AGRO S.A.";"";"";0.0;"";0.0;0.0;0.0;0.0;0.0;0.0;0.0;0.0;0.0;0.0;""
"VAGV3";"SAVIRG - S.A. (VIACAO AEREA-RIOGRANDENSE)";"Transporte";"Transporte Aéreo";114.0;"ON";797168000.0;699270000.0;0.0;0.0;0.0;0.0;-16989600000.0;0.0;0.0;0.0;""
"VGOR3";"VIGOR - SA FABRICA PRODS ALIMCS VIGOR";"Alimentos";"Laticínios";0.0;"ON";0.0;1654470000.0;0.0;0.0;0.0;0.0;-328360000.0;0.0;0.0;0.0;""
"VIGR3";"VIGOR FOOD - VIGOR ALIMENTOS S.A.";"Alimentos";"Laticínios";250.0;"ON";40692000000.0;1627680000.0;0.0;0.0;1882.0;0.0;1112800000.0;0.0;0.0;0.0;""
"VINE3";"VICUNHA TEXTIL SA - VICUNHA TEXTIL SA";"Tecidos, Vestuário e Calçados";"Fios e Tecidos";172.0;"ON";7290910000.0;423890000.0;0.0;0.0;0.0;0.0;1805070000.0;0.0;0.0;0.0;""
"VIVO3";"VIVO PARTICIPAÇÕES - VIVO PARTICIPAÇÕES S/A";"Telefonia Móvel";"Telefonia Móvel";6579.0;"ON";263630000000.0;4007140000.0;0.0;0.0;0.0;0.0;29334800000.0;0.0;0.0;0.0;""
"VIVR3";"VIVER - VIVER INCORPORADORA E CONSTRUTORA S.A.";"Construção e Engenharia";"Construção Civil";37.0;"ON";1647960000.0;4453950000.0;179557000.0;0.0;0.0;0.0;-1424710000.0;0.0;0.0;0.0;"Jorceno Basso Representações Ltda."
"VLID3";"VALID - VALID SOLUÇÕES E SERV. SEG. MEIOS PAG. IDENT. S.A.";"Serviços";"Serviços Diversos";1826.0;"ON";13005700000.0;712250000.0;89252800.0;0.0;1502.0;27311938500000.0;580440000.0;21.0;47053.853111;0.0;"JP Morgan Asset Management"
"VNET3";"CIELO - CIELO S.A.";"Serviços Financeiros Diversos";"Serviços Financeiros Diversos";0.0;"ON";0.0;27168200000.0;0.0;0.0;2134.0;0.0;36607000000.0;0.0;0.0;0.0;""
"VPSC3";"VPSC - VARIG PARTIC. EM SERVIÇOS COMPLEMENTARES";"Transporte";"Serviços de Apoio e Armazenagem";603.0;"ON";31956600.0;5299600000.0;0.0;0.0;0.0;0.0;-1016010000.0;0.0;0.0;0.0;""
"VPTA3";"VPTA - VARIG PARTICIPAÇÕES EM TRANSP AÉREOS S/A";"Transporte";"Transporte Aéreo";50.0;"ON";27435500.0;5487100000.0;0.0;0.0;0.0;0.0;-877030000.0;0.0;0.0;0.0;""
"VTLM3";"VITALYZE.ME - VITALYZE.ME SAUDE E TECNOLOGIA S.A.";"Prods. de Uso Pessoal e de Limpeza";"Produtos de Uso Pessoal";79.0;"ON";59747700.0;75630000.0;0.0;0.0;0.0;0.0;-51963400.0;0.0;0.0;0.0;""
"VULC3";"VULCABRAS S/A. - VULCABRAS SA";"Tecidos, Vestuário e Calçados";"Calçados";659.0;"ON";16195300000.0;2457560000.0;31811900.0;0.0;1037.0;0.0;1513710000.0;0.0;0.0;0.0;"L4E FIM CP IE"
"VVAR3";"VIAVAREJO - VIA VAREJO S.A.";"Comércio";"Eletrodomésticos";456.0;"ON";59020200000.0;12943000000.0;178341000.0;0.0;119.0;17706024000000.0;1410000000.0;3.0;12557.46383;0.0;"Lazard Asset Management LLC"
"VVAX3";"VIVAX SA - VIVAX SA";"";"";0.0;"ON";0.0;1103980000.0;0.0;0.0;0.0;0.0;-1331460000.0;0.0;0.0;0.0;""
"WHRL3";"WHIRLPOOL S.A. - WHIRLPOOL S.A.";"Utilidades Domésticas";"Eletrodomésticos";445.0;"ON";66874000000.0;15027900000.0;21630.0;0.0;2097.0;0.0;3578040000.0;0.0;0.0;0.0;"Whirlpool do Brasil Ltda."
"WISA3";"WIEST SA - WIEST SA";"Siderurgia e Metalurgia";"Artefatos de Ferro e Aço";2.0;"ON";13712000.0;68560000.0;0.0;0.0;0.0;0.0;-49040000.0;0.0;0.0;0.0;""
"WIZS3";"WIZ S.A. - WIZ SOLUÇÕES E CORRETAGEM DE SEGUROS S.A.";"";"";0.0;"";0.0;0.0;0.0;0.0;2559.0;0.0;0.0;0.0;0.0;0.0;""
"WLMM3";"WLM - WLM INDÚSTRIA E COMÉRCIO S/A";"Comércio";"Material de Transporte";50.0;"ON";1820730000.0;364147000.0;10970.0;0.0;36.0;0.0;43400000.0;0.0;0.0;0.0;""
"WMBY3";"WEMBLEY SOCIEDADE ANÔNIMA - WEMBLEY SOCIEDADE ANÔNIMA";"Tecidos, Vestuário e Calçados";"Fios e Tecidos";2539.0;"ON";6093600000.0;240000000.0;0.0;0.0;3166.0;0.0;-315740000.0;0.0;0.0;0.0;""
